{"config": {"seed": 0, "device": "cuda:0", "dataset": "motivational_quotes", "character_level": true, "num_epochs": 50, "embedding_size": 64, "unk_threshold": 2, "minibatch_size": 32, "rnn_hidden_size": 100, "learning_rate": 0.11791969467825231, "num_layers": 4, "truncate_length": 256, "info": "Jabbawukis", "random_params": ["learning_rate"]}, "stats": {"train_loss": [0.0628675433083519, 0.05207345172861365, 0.04957921130420288, 0.04693318935282967, 0.04473999491093898, 0.042946527982215196, 0.04158096453607391, 0.040585184520036566, 0.03977938931097055, 0.03912077584585374, 0.038565031241894566, 0.03803822325357587, 0.037498357185742404, 0.03699430258111061, 0.036424141669933165, 0.03586306883642015, 0.03529755317394204, 0.03475251177969068, 0.03423741792763474, 0.03369990542834669, 0.033197704915439843, 0.032722193270309494, 0.032276662874298964, 0.031869046945258814, 0.03145325808506645, 0.031082063829155678, 0.03072766958073324, 0.030366422019320393, 0.030025485842845413, 0.029716920260554433, 0.029388118504935168, 0.029124984811897556, 0.028852883689065665, 0.028620467433867716, 0.028379153232318658, 0.02810584047478155, 0.027902872987901357, 0.027678143310813665, 0.02747889845204044, 0.027280998530447645, 0.027071089233348635, 0.02688679320019502, 0.026708771634430778, 0.026553422278808112, 0.026409434505845677, 0.026255757017923702, 0.026101611958610414, 0.025977254492581137, 0.0258313996512428, 0.0257331163981752], "validation_loss": [3.070500913722122, 2.976932408858319, 2.7993030498915656, 2.6464042028942365, 2.5648087954505483, 2.435442611866152, 2.367947389348599, 2.3159253977620082, 2.272886452508491, 2.2617281958124003, 2.2112769665151983, 2.198183543383356, 2.1538427957767508, 2.1297214393791517, 2.0984336017437455, 2.070766346533622, 2.0531666961604627, 2.0291478335661193, 1.977659321861987, 1.9483077894158078, 1.9369122038448434, 1.9068288373298385, 1.883951770728268, 1.86016813335854, 1.8490060528354841, 1.816344238672179, 1.7965205796381767, 1.8048967010545343, 1.7677173935218629, 1.7567369849738883, 1.766360520610219, 1.7130590662088785, 1.7202194626717968, 1.6944652303467986, 1.6828053404632461, 1.6572888345082182, 1.6458136186752503, 1.6377285946375555, 1.6336823378525884, 1.614636013794029, 1.5956863057908977, 1.6152248453330074, 1.582471488153618, 1.5846262873984858, 1.557134588598708, 1.5618507061476559, 1.5548205750407633, 1.5422784534886085, 1.531096906274302, 1.5243539778265953], "validation_perplexity": [21.552696012692735, 19.627515010490548, 16.433189665725948, 14.10323498874054, 12.998172822276047, 11.420872608565803, 10.675457222538403, 10.134296836385065, 9.707380306144671, 9.599664940297925, 9.127364293042604, 9.008634834018824, 8.617911722685326, 8.412523087366552, 8.153388451299035, 7.930898606242817, 7.79253867817837, 7.607600653802881, 7.225809880201745, 7.016803618991125, 6.93729690608059, 6.73170757501198, 6.579454049723377, 6.42481690666773, 6.353501338511251, 6.149336800411986, 6.028634775031997, 6.079343426318819, 5.85746779626843, 5.793502233504226, 5.849525346550857, 5.545900832945415, 5.585754194309624, 5.443734042912106, 5.380629315441424, 5.2450712939860145, 5.185226988681049, 5.143473320984706, 5.122703555401043, 5.026058174641307, 4.9317125738263705, 5.0290185477062535, 4.866969616885134, 4.877468266519302, 4.745204782186009, 4.7676365796525895, 4.734237008667175, 4.675230439925936, 4.623245308751091, 4.592175963343775], "epoch_duration": [11.306201696395874, 11.157792568206787, 11.24009108543396, 11.107083797454834, 11.121663570404053, 11.30436396598816, 11.600638628005981, 11.244823217391968, 11.405848026275635, 11.25165867805481, 11.186875820159912, 11.475106477737427, 11.572957754135132, 12.620595216751099, 11.375643253326416, 11.22779631614685, 11.479894399642944, 11.209317922592163, 11.434624195098877, 11.674887657165527, 12.278406381607056, 11.556795597076416, 11.123208045959473, 11.267070293426514, 11.124349355697632, 11.134383916854858, 11.137587070465088, 11.17352843284607, 11.219563007354736, 11.528210401535034, 11.46133041381836, 11.842906475067139, 11.49108362197876, 11.177445411682129, 11.242451190948486, 11.099916219711304, 11.086835861206055, 11.386185884475708, 11.457370281219482, 11.2552011013031, 11.376257181167603, 11.561421871185303, 11.408608198165894, 11.377910614013672, 11.317095518112183, 11.469591856002808, 11.377326250076294, 11.245786905288696, 11.20977520942688, 11.249167680740356], "best_epoch": 49, "best_validation_perplexity": 4.592175963343775, "test_perplexity": 5.078953667778645, "test_loss": 1.625105269465754}}