context_size,pretrained_embedding,accuracy
0,yes,0.8436264070581077
0,no,0.805293580772741
1,yes,0.8862184362640706
2,yes,0.8901734104046243
1,no,0.8013386066321874
2,no,0.7952540310313355