{"config": {"seed": 0, "device": "cuda:0", "dataset": "motivational_quotes", "character_level": true, "num_epochs": 50, "embedding_size": 64, "unk_threshold": 2, "minibatch_size": 4, "rnn_hidden_size": 100, "learning_rate": 0.11791969467825231, "num_layers": 4, "truncate_length": 256, "info": "Jabbawukis", "random_params": ["learning_rate"]}, "stats": {"train_loss": [0.4569519073999588, 0.35714506879332414, 0.31374198717024876, 0.2837785276182817, 0.2645413801983358, 0.250916761309967, 0.24206800008447218, 0.23546782132203514, 0.22958870162914433, 0.22521111395697693, 0.22248095588007163, 0.21907055509966322, 0.21619797845024882, 0.21475307538993843, 0.21261964799222582, 0.21072703580312802, 0.20953788432188655, 0.20772550205425078, 0.20685550860411012, 0.20494372187738785, 0.20461496386687958, 0.20320268625266358, 0.2025916262922054, 0.2015768135613394, 0.20042394032183686, 0.20036798683959006, 0.19969026195620757, 0.19887717382435294, 0.19847170882833687, 0.19757467395027817, 0.1970479658828257, 0.19639119282003156, 0.1955476143343725, 0.1952132213930125, 0.19468966168863736, 0.19447157154574068, 0.19396291241895341, 0.19328635612483844, 0.193371157933928, 0.19259795980884933, 0.1925510474893744, 0.19186548151533367, 0.1916743980431033, 0.19048658185237846, 0.19102300164589112, 0.1907051944836636, 0.1898505161258512, 0.19054206874163224, 0.18980112175214853, 0.18939390514284116], "validation_loss": [2.4338776987321498, 2.0854477658720687, 2.008502652175808, 1.7386908761916622, 1.7414884327900417, 1.5658800667358224, 1.4780501236459365, 1.4455567312941677, 1.4806855107075765, 1.3885266733765995, 1.3672678474797109, 1.354312999404939, 1.3841178581095694, 1.3238974407835176, 1.3136466281937746, 1.302996321835747, 1.3142504363905476, 1.3064302815819666, 1.320485795514741, 1.2906838359606745, 1.2757974301144197, 1.2933620483252153, 1.286752357330138, 1.2609995061011332, 1.3142297045557232, 1.2635429925842192, 1.2737517177940907, 1.2446711277893716, 1.2293466387648893, 1.2430012633409682, 1.2245121156015704, 1.2252390939257556, 1.2211017839893428, 1.221723063227009, 1.2370447200694994, 1.2154710207928265, 1.2156427776653933, 1.2095877177259602, 1.207803416466645, 1.2135793580829979, 1.2113589502516247, 1.2006366495529444, 1.203640028837613, 1.2104750478348765, 1.1952601590124117, 1.199860623185248, 1.1931456920999641, 1.2073900161904936, 1.1958499351483258, 1.1938248101702797], "validation_perplexity": [11.403013912317641, 8.048194381785583, 7.4521505277208275, 5.6898897746916175, 5.705829849609728, 4.786885861690675, 4.384388325614496, 4.244214372156058, 4.395958124634071, 4.008939222883065, 3.924613391804448, 3.874098534196677, 3.991303455419525, 3.7580396087479864, 3.7197134218995798, 3.6803075491807697, 3.721960093564494, 3.692967301257481, 3.7452403563658945, 3.6352716354336714, 3.581556312517806, 3.645020714100302, 3.621007700233549, 3.5289469292078888, 3.7218829313024715, 3.537934182655569, 3.5742369678327197, 3.4717928353823972, 3.4189949676040152, 3.4660002497168305, 3.402505648352327, 3.4049800955323506, 3.3909217394913442, 3.3930291033275557, 3.445416234898687, 3.3718819168302594, 3.372461110461778, 3.3521023552384324, 3.3461265277083725, 3.365509482694512, 3.358044969281398, 3.3222313466932456, 3.3322242662509947, 3.3550780966236213, 3.3044173326352597, 3.319654207661878, 3.297437633292646, 3.3447435239645418, 3.3063667739316194, 3.2996777433386644], "epoch_duration": [38.72721743583679, 38.863016843795776, 38.68334698677063, 38.56525731086731, 38.409985303878784, 38.39579749107361, 38.35239386558533, 38.31510543823242, 38.35773277282715, 38.357585430145264, 38.182963848114014, 37.894171714782715, 37.9587345123291, 37.81650161743164, 37.91582727432251, 37.911381483078, 37.90290307998657, 37.92187857627869, 37.852322816848755, 38.021756172180176, 37.870826721191406, 37.99199819564819, 37.92193627357483, 37.91767692565918, 38.00275468826294, 37.90808820724487, 37.88833236694336, 39.70005226135254, 38.38929343223572, 38.57938551902771, 39.078582525253296, 38.363481521606445, 38.435410499572754, 38.42614531517029, 38.372095584869385, 39.1250364780426, 38.92427182197571, 40.472397565841675, 40.868648529052734, 40.19757056236267, 39.458659410476685, 39.69138312339783, 39.15838980674744, 39.52005958557129, 39.39189887046814, 39.02621912956238, 38.793999671936035, 39.60569667816162, 38.94088673591614, 40.38179922103882], "best_epoch": 46, "best_validation_perplexity": 3.297437633292646, "test_perplexity": 3.738409845151555, "test_loss": 1.3186603459207151}}