{"config": {"seed": 0, "device": "cuda:0", "dataset": "equations", "character_level": false, "num_epochs": 50, "embedding_size": 64, "unk_threshold": 2, "minibatch_size": 32, "rnn_hidden_size": 200, "learning_rate": 0.13165951636204154, "num_layers": 3, "truncate_length": 256, "info": "Jabbawukis", "random_params": ["num_layers", "learning_rate"]}, "stats": {"train_loss": [0.11666894215345383, 0.09680988293886185, 0.0887946556210518, 0.08386153852939605, 0.07959685355424881, 0.07170061564445496, 0.06447152465581894, 0.05921850174665451, 0.056165125608444215, 0.05439899069070816, 0.05330344244837761, 0.05254757422208786, 0.051990370601415634, 0.05156287512183189, 0.05124510577321052, 0.050991538017988204, 0.05077046853303909, 0.05058590716123581, 0.050424828171730045, 0.05023647180199623, 0.05008848941326141, 0.04990121218562126, 0.04976402676105499, 0.04965560033917427, 0.049459618419408796, 0.04935861459374428, 0.049185128420591355, 0.04910819789767265, 0.04899616861343384, 0.04885245501995086, 0.04864933699369431, 0.04859588807821274, 0.04843174380064011, 0.04838118579983711, 0.04810959875583649, 0.04800407347083092, 0.04791552054882049, 0.047794685244560244, 0.04766287624835968, 0.04754872676730156, 0.04751224872469902, 0.0472927160859108, 0.04713764932751656, 0.04730875316262245, 0.04686631214618683, 0.04674730205535889, 0.0466383493244648, 0.046616631507873534, 0.04642457866668701, 0.046376349419355395], "validation_loss": [3.6301713480949402, 3.4181239013671876, 3.201113208770752, 3.0387093691825866, 2.9170119042396547, 2.6477083792686464, 2.4436284964084627, 2.2734420256614687, 2.188669985294342, 2.13648513174057, 2.1055176446437835, 2.0812581577301024, 2.0715490763187407, 2.0499445774555207, 2.043281451702118, 2.0313319697380066, 2.0263742876052855, 2.0173251640796663, 2.0110071806907652, 2.0033472723960877, 1.9922230784893036, 1.9853192808628082, 2.001555722951889, 1.9857245507240295, 1.9651369082927703, 1.9598115882873535, 1.955016019821167, 1.9636135520935059, 1.940135021686554, 1.9415860154628755, 1.930446189880371, 1.92747323179245, 1.9229762637615204, 1.9251131565570831, 1.9298576352596284, 1.9082961809635162, 1.9041915843486785, 1.9912396099567413, 1.8994879283905028, 2.0607348308563234, 1.8959287097454072, 1.8844581260681152, 1.8774231431484223, 1.8858330729007722, 1.8713321454524994, 1.8672208523750304, 1.8600983481407165, 1.8697355942726135, 1.851807106256485, 1.8466136498451233], "validation_perplexity": [37.719279190122904, 30.51211754798483, 24.559855231305534, 20.87827968766348, 18.485967009859653, 14.12164009375844, 11.514746248304856, 9.712774964453413, 8.923337049279509, 8.46961566617887, 8.211352472270613, 8.014546136774598, 7.937108786934314, 7.767470601392146, 7.715887012805286, 7.6242348486327165, 7.586529857656018, 7.518188094726434, 7.470838043154523, 7.4138307230196965, 7.331814858426408, 7.281371817036576, 7.400560369505152, 7.284323335622735, 7.135889485731251, 7.097989594787147, 7.064032187327136, 7.125027259866037, 6.959690616364485, 6.969796414085704, 6.892584957234293, 6.872124020862432, 6.841289681318461, 6.8559244148102145, 6.88852948805848, 6.741592553822707, 6.713977748436542, 7.32460779376812, 6.682471661980385, 7.851737389871033, 6.658729560973842, 6.582786435029079, 6.536639157870655, 6.591843641549818, 6.496945513489497, 6.4702894992651805, 6.424368565064412, 6.486581083337432, 6.371322782927641, 6.338319370843441], "epoch_duration": [0.6634032726287842, 0.3950471878051758, 0.40997767448425293, 0.4186222553253174, 0.4204678535461426, 0.4242420196533203, 0.42452311515808105, 0.440340518951416, 0.43369054794311523, 0.43423986434936523, 0.43245983123779297, 0.42317914962768555, 0.42548227310180664, 0.42130255699157715, 0.423795223236084, 0.4239494800567627, 0.433302640914917, 0.42638111114501953, 0.42154645919799805, 0.4227330684661865, 0.42287302017211914, 0.42319607734680176, 0.41795945167541504, 0.4128413200378418, 0.41725730895996094, 0.4244215488433838, 0.42426037788391113, 0.4190800189971924, 0.4192640781402588, 0.4207887649536133, 0.42022085189819336, 0.42594385147094727, 0.42779994010925293, 0.4186718463897705, 0.4167976379394531, 0.4200315475463867, 0.4247443675994873, 0.4187469482421875, 0.4193875789642334, 0.4196789264678955, 0.4176058769226074, 0.42572951316833496, 0.4240713119506836, 0.4201023578643799, 0.41962695121765137, 0.4265308380126953, 0.42615771293640137, 0.42011165618896484, 0.419187068939209, 0.4377610683441162], "best_epoch": 49, "best_validation_perplexity": 6.338319370843441, "test_perplexity": 6.484264294605602, "test_loss": 1.8693783640861512}}