{"config": {"seed": 0, "device": "cuda:0", "dataset": "motivational_quotes", "character_level": true, "num_epochs": 50, "embedding_size": 64, "unk_threshold": 2, "minibatch_size": 32, "rnn_hidden_size": 200, "learning_rate": 0.13165951636204154, "num_layers": 3, "truncate_length": 256, "info": "Jabbawukis", "random_params": ["num_layers", "learning_rate"]}, "stats": {"train_loss": [0.09742586738446439, 0.09207498359946967, 0.0833742847033547, 0.0731583895651509, 0.06760790163587711, 0.06381038368076845, 0.060289986425672695, 0.05717521177290667, 0.054515886923390655, 0.05233973795170812, 0.05056956105608754, 0.04909797258631573, 0.04787172194793957, 0.04681044415312582, 0.04588724336158307, 0.04509550816091899, 0.04438392276585532, 0.043764036000126405, 0.04321953425178937, 0.04272244976798877, 0.04227522811286491, 0.0418692111596271, 0.041512066072086455, 0.04117314382508479, 0.04087051948750752, 0.04058618021561937, 0.04032460402966343, 0.04009093702671535, 0.039855622884940205, 0.03964874306367489, 0.039449605088171046, 0.03927594066754943, 0.03909034814141722, 0.038928015050759636, 0.03877561628444154, 0.03862956784121417, 0.03848431280134591, 0.03835526866203491, 0.03823389389344844, 0.038102809922039495, 0.037994871630343915, 0.03788226616794229, 0.03777631984284455, 0.037668581866959074, 0.03757102611227667, 0.03747794928348926, 0.037379271305155684, 0.03730161770173283, 0.03721849151209677, 0.03713558664808663], "validation_loss": [3.0580098393561417, 2.8114265416153486, 2.48650364005202, 2.2183767410650415, 2.098181932621785, 2.0066789363281807, 1.8848029285610468, 1.820768447123208, 1.7508067419739808, 1.682565769396881, 1.6156255566343969, 1.591128264141627, 1.5404402584864274, 1.514579647631663, 1.496819930155601, 1.472810418623593, 1.4475206889838328, 1.4235951455769007, 1.4234248334335502, 1.3861031210786134, 1.3786276037922705, 1.390871826797194, 1.3661567644118635, 1.3508599204715732, 1.3443103928641318, 1.338240808958753, 1.3304463135769735, 1.3089371544372521, 1.305129555290876, 1.3110335340671484, 1.300621707920236, 1.3002557336617018, 1.291366083464498, 1.2908040874224629, 1.2827773666680056, 1.2809482418394726, 1.2750733999377257, 1.2719288654878838, 1.2667839198303976, 1.2682093459444923, 1.2584138720449398, 1.2578696724299618, 1.2621421130676136, 1.2561662996550362, 1.2458526668565326, 1.2441298561920742, 1.2372143433521472, 1.2379629420611533, 1.2367479893390563, 1.2373448435036478], "validation_perplexity": [21.28515410557608, 16.633629867158778, 12.019179193584769, 9.19239710774442, 8.15133675337183, 7.438572307875237, 6.585056587556948, 6.176603019496171, 5.759247028673275, 5.379340426734994, 5.031034136080767, 4.909284774763257, 4.666644348570001, 4.547509168776618, 4.467459623382773, 4.361475504717897, 4.252558020212844, 4.15202075886157, 4.151313679520701, 3.9992351129757355, 3.9694502291698996, 4.018351833108185, 3.9202552418985976, 3.8607440364994345, 3.8355406122031632, 3.812330984280175, 3.782731295207808, 3.7022367145062893, 3.6881668842876922, 3.710006149136451, 3.671578607695807, 3.6702351502876147, 3.6377526366648807, 3.6357088084466502, 3.6066427975291098, 3.600051827331732, 3.5789640962026734, 3.567727596346828, 3.549418970571718, 3.554482012701194, 3.519834150078221, 3.5179191787995387, 3.5329814330406966, 3.5119319517334247, 3.4758973185766133, 3.46991416101131, 3.446000707279199, 3.448581344770334, 3.444394025690568, 3.4464504402380416], "epoch_duration": [30.9018816947937, 30.877427101135254, 30.656162977218628, 29.58633065223694, 30.872147798538208, 30.573134660720825, 30.972143411636353, 30.841298580169678, 30.222352981567383, 30.477229356765747, 30.965235471725464, 30.88471794128418, 30.64898705482483, 30.9514422416687, 30.865206718444824, 30.645631551742554, 30.868860721588135, 30.832002878189087, 30.843772172927856, 30.811224937438965, 30.89469051361084, 31.03284525871277, 30.77494502067566, 29.803256511688232, 30.887492895126343, 30.90126395225525, 30.918177366256714, 30.877264261245728, 30.954782485961914, 29.74650001525879, 29.20712900161743, 30.844329595565796, 30.790968418121338, 30.840572595596313, 30.846441984176636, 30.840632438659668, 30.89774799346924, 30.76287531852722, 30.784965991973877, 30.118390321731567, 29.698463439941406, 30.622966051101685, 30.855111122131348, 30.877412796020508, 30.818336009979248, 30.719583988189697, 30.711256742477417, 30.70826482772827, 30.83131694793701, 30.897748708724976], "best_epoch": 48, "best_validation_perplexity": 3.444394025690568, "test_perplexity": 3.887195365838749, "test_loss": 1.3576879119496432}}