{"learning_rate": 0.1, "max_ngrams": 2, "hidden_size": 300, "unk_threshold": 0, "num_epochs": 8, "pretrained_word_embeddings_file": null, "test_accuracy": 0.846, "test_loss": 2.611475706100464, "loss_curve": [[1000, 3.752520960366], [2000, 3.806865173142865], [3000, 4.562966312614387], [4000, 4.569755660167581], [5000, 4.452869741383129], [6000, 4.614568634804123], [7000, 4.364786465265313], [8000, 4.2677815736384455], [9000, 4.609362907157894], [10000, 4.273530402261631], [11000, 4.822071995581782], [12000, 4.1356803067558765], [13000, 4.069794122487841], [14000, 4.178358526143137], [15000, 3.717893337278323], [16000, 4.098621686421387], [17000, 3.7772192480612814], [18000, 3.7758903424749657], [19000, 4.064680459079613], [20000, 4.439177505024389], [21000, 2.3494775636009133], [22000, 1.4919065493281107], [23000, 1.6606607365034107], [24000, 1.277347442089065], [25000, 1.3841863745212266], [26000, 1.6206856107968668], [27000, 1.497867350940898], [28000, 1.3227585014014023], [29000, 1.465103906004065], [30000, 1.654961106222652], [31000, 1.4237424930567215], [32000, 1.5472352628584307], [33000, 1.4640567949104208], [34000, 1.6253290336990174], [35000, 1.399360062849662], [36000, 1.2730355917427898], [37000, 1.2193006936416302], [38000, 1.0784338617687936], [39000, 1.172747137676816], [40000, 1.723339953774923], [41000, 1.044985522265129], [42000, 0.8653249021714885], [43000, 0.8022932968343942], [44000, 0.6281891627260475], [45000, 0.7316801976211889], [46000, 0.973301949537624], [47000, 0.8473184917316641], [48000, 0.9792746358143909], [49000, 0.669998806804542], [50000, 0.890137151363765], [51000, 1.003902122196505], [52000, 0.8524358891771858], [53000, 0.8591009040293089], [54000, 0.6743251773361655], [55000, 0.5449031803470671], [56000, 0.629525713898453], [57000, 0.6267618781704748], [58000, 0.6625100641343922], [59000, 0.5875869126231555], [60000, 0.7163759470595997], [61000, 0.7287902653106155], [62000, 0.5799900945490936], [63000, 0.5014757767170085], [64000, 0.46520913316801704], [65000, 0.492812771827011], [66000, 0.7041480162493576], [67000, 0.46386433381807396], [68000, 0.3907775869186271], [69000, 0.5577248792275662], [70000, 0.5232597143956781], [71000, 0.5771996372339762], [72000, 0.6061361551626027], [73000, 0.5595881552630426], [74000, 0.4003605006838268], [75000, 0.34112093472932076], [76000, 0.49499137326649645], [77000, 0.30308754316103825], [78000, 0.29926272036833523], [79000, 0.3283118677678714], [80000, 0.475598357955427], [81000, 0.39882312316510415], [82000, 0.36661612760649576], [83000, 0.37060309431182326], [84000, 0.270621098181836], [85000, 0.32521110767831524], [86000, 0.5397032598322411], [87000, 0.27727013048208243], [88000, 0.297796210600246], [89000, 0.44849981459124233], [90000, 0.3795373910763061], [91000, 0.4652994864957722], [92000, 0.40425560187885584], [93000, 0.3870871162093322], [94000, 0.40625338688738244], [95000, 0.2212395054141614], [96000, 0.44018548184953143], [97000, 0.3765155413799328], [98000, 0.37284605469831744], [99000, 0.18713482782842406], [100000, 0.3348047182493102], [101000, 0.36549151735374397], [102000, 0.330329751425535], [103000, 0.14071870389169994], [104000, 0.32812793942205304], [105000, 0.21722008922508496], [106000, 0.4181905217973286], [107000, 0.34054700553571854], [108000, 0.1408650381599958], [109000, 0.3674791275702141], [110000, 0.25924771067440994], [111000, 0.24297310116136392], [112000, 0.28130699391635877], [113000, 0.4912328318927293], [114000, 0.1732757219038513], [115000, 0.11353761161580574], [116000, 0.3060919277475046], [117000, 0.15679320993960644], [118000, 0.2902249319972973], [119000, 0.19826031413224662], [120000, 0.26074530416925307], [121000, 0.19840986880941036], [122000, 0.23045409775916348], [123000, 0.19643366315392474], [124000, 0.18545776256820343], [125000, 0.1400920610166841], [126000, 0.3509876605303065], [127000, 0.3093368244932688], [128000, 0.1496721035354852], [129000, 0.2587402585571073], [130000, 0.2243062788301179], [131000, 0.25609726844937525], [132000, 0.2015518689558961], [133000, 0.31087234755484056], [134000, 0.13049357625221578], [135000, 0.153542547779181], [136000, 0.20747969061220334], [137000, 0.12626985918744318], [138000, 0.1591988165758536], [139000, 0.0793651338679702], [140000, 0.16146362435139489], [141000, 0.2278620647389058], [142000, 0.07968744718534243], [143000, 0.0791191834448265], [144000, 0.13950518486985083], [145000, 0.18073983902904275], [146000, 0.3553787212610199], [147000, 0.21111810075422022], [148000, 0.184981232331788], [149000, 0.28868025098841654], [150000, 0.09133524554954588], [151000, 0.19009634276985782], [152000, 0.35647766299603295], [153000, 0.35826526003213993], [154000, 0.04940343335229339], [155000, 0.11941842436451566], [156000, 0.20167871613515512], [157000, 0.11376358714682393], [158000, 0.09741862055897238], [159000, 0.04534634370991994], [160000, 0.18420564979901208]], "metric_curve": [[20000, 0.7316], [40000, 0.8632], [60000, 0.90865], [80000, 0.94285], [100000, 0.9518], [120000, 0.96475], [140000, 0.97155], [160000, 0.9812]], "runtime (in seconds)": 239.5106656551361}