{"learning_rate": 0.1, "max_ngrams": 4, "hidden_size": 300, "unk_threshold": 2, "num_epochs": 8, "pretrained_word_embeddings_file": null, "test_accuracy": 0.7325, "test_loss": 1.413378357887268, "loss_curve": [[1000, 3.9632959803756656], [2000, 3.6339285287305514], [3000, 3.3646221194204817], [4000, 3.470546229312128], [5000, 3.6172568712847517], [6000, 3.0158722408633944], [7000, 3.5022046779938], [8000, 3.359965959325525], [9000, 3.1904144613533347], [10000, 3.10413178408668], [11000, 3.2267930864909817], [12000, 3.0733206487495233], [13000, 3.0997912658927005], [14000, 3.0234719186989154], [15000, 2.9108050117189657], [16000, 2.8928814778823324], [17000, 3.071739769810893], [18000, 2.964084717443452], [19000, 2.961662118840138], [20000, 2.9245221007717674], [21000, 1.93377983717595], [22000, 1.6287664473020091], [23000, 1.555127426484095], [24000, 1.4361314615667489], [25000, 1.5412263427978528], [26000, 1.3830639856021998], [27000, 1.510866834996034], [28000, 1.5147978017374497], [29000, 1.473871562222352], [30000, 1.5067658543130071], [31000, 1.3531788196022267], [32000, 1.1894448350325304], [33000, 1.4545127895009915], [34000, 1.3594343222080825], [35000, 1.2155770440877824], [36000, 1.3644235604613788], [37000, 1.3692866992746437], [38000, 1.2476694006557794], [39000, 1.2087315690368334], [40000, 1.3242243184311018], [41000, 0.9527540040418239], [42000, 0.9152986451699358], [43000, 0.9275171153660903], [44000, 0.9023988316078585], [45000, 1.0029744268631655], [46000, 0.8819440786109729], [47000, 0.9001146674221387], [48000, 0.891798095668057], [49000, 0.8588559920571671], [50000, 0.9705877583453143], [51000, 0.9182886296942053], [52000, 0.7035933220815517], [53000, 0.823992979656534], [54000, 0.8367881552268714], [55000, 0.7915639111524932], [56000, 0.753666891488463], [57000, 0.6760330091538411], [58000, 0.7518656601507622], [59000, 0.8561613034999401], [60000, 0.8162871300962274], [61000, 0.7388518888502948], [62000, 0.6228122556416656], [63000, 0.5950618620268064], [64000, 0.5799725507149021], [65000, 0.651288148892126], [66000, 0.6250692908303466], [67000, 0.6654130886167098], [68000, 0.7242091457302628], [69000, 0.6310697720407836], [70000, 0.6767352997666342], [71000, 0.6312082714378077], [72000, 0.45256109535232464], [73000, 0.6553674703421155], [74000, 0.5694089754487143], [75000, 0.5867021438688899], [76000, 0.6104496548644294], [77000, 0.5238884289192357], [78000, 0.4444243393520926], [79000, 0.4775300462368571], [80000, 0.5740969326164101], [81000, 0.4499244190414394], [82000, 0.45532480687734933], [83000, 0.4769382562222625], [84000, 0.5203655717323826], [85000, 0.5882126015965161], [86000, 0.5403299861594114], [87000, 0.478457114923636], [88000, 0.5652219650873812], [89000, 0.46806786065267003], [90000, 0.42397179564306936], [91000, 0.484617348915446], [92000, 0.40959999459087354], [93000, 0.5203178685440407], [94000, 0.4679726234536073], [95000, 0.4102662190158249], [96000, 0.4313406295583714], [97000, 0.47101143810841], [98000, 0.3732195798437951], [99000, 0.40953133027087013], [100000, 0.4536059784382667], [101000, 0.3735755954886311], [102000, 0.37166835302094514], [103000, 0.3637754066830523], [104000, 0.35909833426392834], [105000, 0.41694573630293286], [106000, 0.40990569535534876], [107000, 0.4156752677830089], [108000, 0.4186564250781758], [109000, 0.4057588857368657], [110000, 0.39450603709112125], [111000, 0.3847190876076267], [112000, 0.287447387476879], [113000, 0.39217148119539286], [114000, 0.3278553415350557], [115000, 0.30407540910278186], [116000, 0.3387972435065818], [117000, 0.3207266195021344], [118000, 0.2679935193824324], [119000, 0.30442005876582345], [120000, 0.3552477981433827], [121000, 0.3099154144948031], [122000, 0.3436818820186628], [123000, 0.3015981707730036], [124000, 0.3071441313024384], [125000, 0.3414105534234154], [126000, 0.3615601612537306], [127000, 0.366643521755195], [128000, 0.4075978129847561], [129000, 0.35149917049352075], [130000, 0.3205710708993865], [131000, 0.3470045575129989], [132000, 0.2676266685857985], [133000, 0.3523353209608722], [134000, 0.3220930709167594], [135000, 0.28903754822712274], [136000, 0.30586264431731436], [137000, 0.2994603580326926], [138000, 0.256250464612409], [139000, 0.27679244172142536], [140000, 0.332682028345937], [141000, 0.2915425900156166], [142000, 0.295110157115442], [143000, 0.2820377452640886], [144000, 0.2909441227235784], [145000, 0.3229923653256711], [146000, 0.32106334701131506], [147000, 0.2958954574860007], [148000, 0.31246948631268023], [149000, 0.27425292999818474], [150000, 0.266390456529343], [151000, 0.28391021848691167], [152000, 0.22954045903358666], [153000, 0.2938162739492381], [154000, 0.27221088776986974], [155000, 0.26147887555860794], [156000, 0.27603161193325415], [157000, 0.26755471934059], [158000, 0.23531070858388292], [159000, 0.2649261705441876], [160000, 0.30941080195650533]], "metric_curve": [[20000, 0.665], [40000, 0.72265], [60000, 0.7591], [80000, 0.78725], [100000, 0.8066], [120000, 0.8194], [140000, 0.8237], [160000, 0.82655]], "runtime (in seconds)": 219.20246243476868}