{"learning_rate": 0.1, "max_ngrams": 3, "hidden_size": 100, "unk_threshold": 3, "num_epochs": 8, "pretrained_word_embeddings_file": null, "test_accuracy": 0.758, "test_loss": 0.6131724715232849, "loss_curve": [[1000, 1.3641314574458792], [2000, 1.1906953003196994], [3000, 1.2301042325090448], [4000, 1.2321074823572653], [5000, 1.2754298085192468], [6000, 1.0433216652546922], [7000, 1.156069688024013], [8000, 1.1332863972819889], [9000, 1.0924421081167939], [10000, 1.1524480690445058], [11000, 1.1278261273157226], [12000, 1.211203424295715], [13000, 1.1587462831383442], [14000, 1.0814748558580103], [15000, 1.0914495088727314], [16000, 1.152716576045485], [17000, 1.1334211445186047], [18000, 1.056374556217402], [19000, 1.0970508425892314], [20000, 1.1002328890415807], [21000, 0.8542931422163842], [22000, 0.8817318427786629], [23000, 0.943015756509013], [24000, 0.8666710474119448], [25000, 0.9750994669558077], [26000, 0.789602218093123], [27000, 0.823991875052197], [28000, 0.839111305966326], [29000, 0.8402332004140693], [30000, 0.8668120472417581], [31000, 0.7726726714862759], [32000, 0.8513341789739433], [33000, 0.912064220775158], [34000, 0.783967461822375], [35000, 0.7771246858149559], [36000, 0.8410356664187201], [37000, 0.8587192794127757], [38000, 0.7485981484986185], [39000, 0.8258399409352575], [40000, 0.7888797927185587], [41000, 0.6137544486419539], [42000, 0.6561464751173721], [43000, 0.6902228104353874], [44000, 0.618556371748702], [45000, 0.6937422485734661], [46000, 0.6140953790884444], [47000, 0.6094394988097921], [48000, 0.6419952931526842], [49000, 0.6102070085929915], [50000, 0.6592685498225632], [51000, 0.5996515083347354], [52000, 0.5958771215909165], [53000, 0.6677717941502456], [54000, 0.5885182585097822], [55000, 0.5396525741223035], [56000, 0.6624638210306955], [57000, 0.660408895725959], [58000, 0.5732669429472349], [59000, 0.6350887798208688], [60000, 0.5533068475416894], [61000, 0.49448960170328526], [62000, 0.5227693267953121], [63000, 0.5563010848588991], [64000, 0.47894045872736035], [65000, 0.5458048450097754], [66000, 0.535608619910168], [67000, 0.48464573463282523], [68000, 0.5220710059857226], [69000, 0.4908740773731617], [70000, 0.5491335585879582], [71000, 0.49212715377002436], [72000, 0.48069160178503184], [73000, 0.546494828189895], [74000, 0.48631569317555806], [75000, 0.4268464567134761], [76000, 0.5412807281342111], [77000, 0.5434101883006109], [78000, 0.4525040065607725], [79000, 0.53093486618988], [80000, 0.4545143136350954], [81000, 0.42551862060088447], [82000, 0.4596112463249548], [83000, 0.47941638418970867], [84000, 0.41044251879855964], [85000, 0.4885414592561398], [86000, 0.47756486960730266], [87000, 0.41734732533723035], [88000, 0.4510146698611291], [89000, 0.41713511937396597], [90000, 0.4745231618523446], [91000, 0.4352251813800159], [92000, 0.4175028300891702], [93000, 0.4542901433643806], [94000, 0.4192223934330786], [95000, 0.36398099262775147], [96000, 0.45307723814050765], [97000, 0.4728601701420762], [98000, 0.4054663452156758], [99000, 0.4601681707282954], [100000, 0.40988779223914606], [101000, 0.3834538442908777], [102000, 0.400978638333604], [103000, 0.42997388640347706], [104000, 0.3707425625039329], [105000, 0.44815087206852533], [106000, 0.44602754563216024], [107000, 0.38450200125974204], [108000, 0.41630965290367455], [109000, 0.37405718040141395], [110000, 0.4311832346826907], [111000, 0.40402518639577184], [112000, 0.3844418051167743], [113000, 0.40894449367347047], [114000, 0.3893191042535242], [115000, 0.3343434235309022], [116000, 0.40476307961613595], [117000, 0.41888359354246785], [118000, 0.3602697912686951], [119000, 0.4250220875315063], [120000, 0.38468970195175467], [121000, 0.3603674402019896], [122000, 0.37408470484945144], [123000, 0.39506477753897357], [124000, 0.3435993681524734], [125000, 0.42085435581696246], [126000, 0.41632755136888816], [127000, 0.36006865120126963], [128000, 0.38935075593388574], [129000, 0.35127753235786235], [130000, 0.40236295436066727], [131000, 0.38472868513025094], [132000, 0.3632138578526969], [133000, 0.3789789779407918], [134000, 0.36275778241996953], [135000, 0.3145538916891547], [136000, 0.3763367185570437], [137000, 0.3909563785085281], [138000, 0.33590285885124777], [139000, 0.39646153300567993], [140000, 0.3654884218331321], [141000, 0.34238665267624274], [142000, 0.35238671368497615], [143000, 0.3759752627391365], [144000, 0.3255542395578049], [145000, 0.4021481588381545], [146000, 0.395050453751784], [147000, 0.34382873070380604], [148000, 0.36835905028987814], [149000, 0.33395878211610197], [150000, 0.3810438623773225], [151000, 0.36990593667654426], [152000, 0.34652543719415635], [153000, 0.3577311165474907], [154000, 0.3463698945053904], [155000, 0.30006133523042566], [156000, 0.35510404412998103], [157000, 0.36984089839400575], [158000, 0.3168765505101229], [159000, 0.37753843722895947], [160000, 0.35123738909854335]], "metric_curve": [[20000, 0.6115], [40000, 0.67625], [60000, 0.7191], [80000, 0.76105], [100000, 0.78285], [120000, 0.7967], [140000, 0.8077], [160000, 0.81685]], "runtime (in seconds)": 215.9292278289795}