{"learning_rate": 0.1, "max_ngrams": 3, "hidden_size": 300, "unk_threshold": 2, "num_epochs": 2, "pretrained_word_embeddings_file": null, "test_accuracy": 0.6595, "test_loss": 4.11260461807251, "loss_curve": [[1000, 3.933259983575707], [2000, 3.89918636707917], [3000, 3.4139342875917507], [4000, 3.6352232246354372], [5000, 3.788345172918309], [6000, 3.129765844111749], [7000, 3.774636560075729], [8000, 3.37190880658817], [9000, 3.1321915019910245], [10000, 3.006690083203105], [11000, 3.289926976966548], [12000, 2.9323194458622255], [13000, 2.838271806724114], [14000, 2.992563618272497], [15000, 3.0231620332817877], [16000, 2.9923072134584037], [17000, 2.6481035327204565], [18000, 3.0368777537361975], [19000, 2.847974311814009], [20000, 2.8200087523275794], [21000, 1.884328941130081], [22000, 1.5768298358194472], [23000, 1.4291619897597836], [24000, 1.2529531776828846], [25000, 1.4333831799756998], [26000, 1.4203138879493014], [27000, 1.4967622653924781], [28000, 1.5953748948190551], [29000, 1.483493530237646], [30000, 1.6297967054842708], [31000, 1.590415797152437], [32000, 1.2523665298346425], [33000, 1.4976029903244266], [34000, 1.271452522381215], [35000, 1.1939650273421487], [36000, 1.3427135398956813], [37000, 1.3008424580766746], [38000, 1.2657145268765617], [39000, 1.138582813065412], [40000, 1.4182137610214602]], "metric_curve": [[20000, 0.6739], [40000, 0.7412]], "runtime (in seconds)": 57.012346267700195}