{"learning_rate": 0.1, "max_ngrams": 3, "hidden_size": 100, "unk_threshold": 1, "num_epochs": 5, "pretrained_word_embeddings_file": null, "test_accuracy": 0.723, "test_loss": 2.9332985877990723, "loss_curve": [[1000, 1.5557890858792773], [2000, 1.8269938924580058], [3000, 1.8615140675450206], [4000, 1.7071717532312518], [5000, 1.7352197548357273], [6000, 1.6562930646760068], [7000, 1.713221300966518], [8000, 1.6110191991299072], [9000, 1.8406382749616357], [10000, 1.6522163231414384], [11000, 1.855531016319969], [12000, 1.5351362789054526], [13000, 1.701238732125695], [14000, 1.766697301261517], [15000, 1.6959713695319278], [16000, 1.682235339466172], [17000, 1.7176140414112375], [18000, 1.722687126604127], [19000, 1.5888613569415628], [20000, 1.6002324966223473], [21000, 1.1735366308843613], [22000, 1.358426976083984], [23000, 1.1640089148988229], [24000, 1.0402321297190513], [25000, 1.077382269464053], [26000, 1.1544452167675752], [27000, 1.0782035198568471], [28000, 1.1363319974861459], [29000, 1.244919823106963], [30000, 1.2224929510827136], [31000, 1.1856615956042704], [32000, 1.0557228022267906], [33000, 1.1395778246619805], [34000, 1.1010765147481505], [35000, 1.0931137491844876], [36000, 1.0054089898245007], [37000, 1.056211596669565], [38000, 1.08150345951253], [39000, 1.1204398459096856], [40000, 1.0228649541002885], [41000, 0.8312417019208007], [42000, 0.8869187581393887], [43000, 0.7184403135570099], [44000, 0.6738737958028593], [45000, 0.6692769662925284], [46000, 0.6948011846004796], [47000, 0.6062636485588132], [48000, 0.7731481433892767], [49000, 0.7434882492738928], [50000, 0.8195624786645127], [51000, 0.7359147918454497], [52000, 0.6011236604964427], [53000, 0.7898053085662347], [54000, 0.6708315929364598], [55000, 0.6010753509293575], [56000, 0.5478999827306203], [57000, 0.6636720607020541], [58000, 0.5968442723364346], [59000, 0.6337230629936388], [60000, 0.5758928566984424], [61000, 0.5887698262161153], [62000, 0.5501053480402851], [63000, 0.45458465122287506], [64000, 0.43543355536761263], [65000, 0.46714473200088424], [66000, 0.531178954751557], [67000, 0.33811381291120723], [68000, 0.4646637331661131], [69000, 0.44748733283596054], [70000, 0.5240311569136855], [71000, 0.5129288369460853], [72000, 0.3743576820100852], [73000, 0.4722356542290471], [74000, 0.4314182719667268], [75000, 0.386625834762826], [76000, 0.3805264554931156], [77000, 0.4097836502600225], [78000, 0.32946308902024174], [79000, 0.40334245221847], [80000, 0.36200262447675025], [81000, 0.3954483962155138], [82000, 0.3719032655104963], [83000, 0.30828033204827354], [84000, 0.3225983612481175], [85000, 0.333979046686416], [86000, 0.39109755046758937], [87000, 0.23461771275942067], [88000, 0.30854009865187265], [89000, 0.3098176296095057], [90000, 0.3315497773275014], [91000, 0.313154877102455], [92000, 0.27666246332621525], [93000, 0.33225297657618413], [94000, 0.3202166782886451], [95000, 0.2637777388620781], [96000, 0.2906659134910816], [97000, 0.2626337059696735], [98000, 0.23270508996822123], [99000, 0.2681529789291675], [100000, 0.34676806384688624]], "metric_curve": [[20000, 0.5928], [40000, 0.657], [60000, 0.7398], [80000, 0.7975], [100000, 0.8394]], "runtime (in seconds)": 133.81648302078247}