{"learning_rate": 0.1, "max_ngrams": 4, "hidden_size": 300, "unk_threshold": 3, "num_epochs": 5, "pretrained_word_embeddings_file": null, "test_accuracy": 0.7235, "test_loss": 0.8964471220970154, "loss_curve": [[1000, 3.6187649702674514], [2000, 2.667562240061377], [3000, 2.562863469992032], [4000, 2.574204970364956], [5000, 2.7766479645331468], [6000, 2.5271452506365764], [7000, 2.688105568066326], [8000, 2.3075435600774523], [9000, 2.3988882515325494], [10000, 2.237470829013051], [11000, 2.143896031340039], [12000, 2.217386901235457], [13000, 2.5223092897246593], [14000, 2.242477908503976], [15000, 2.1642903731416445], [16000, 2.692620853853483], [17000, 2.4291567523354556], [18000, 2.077484817142855], [19000, 1.9774182320206977], [20000, 2.05938518242031], [21000, 1.461903831803109], [22000, 1.1997687682322435], [23000, 1.4109451235052128], [24000, 1.3374905647426805], [25000, 1.4716903954266956], [26000, 1.2945556892137005], [27000, 1.3136566213931467], [28000, 1.2871946433786563], [29000, 1.2375607737000143], [30000, 1.1391457516532548], [31000, 1.098682728551046], [32000, 1.1449956660214111], [33000, 1.2261809825138947], [34000, 1.2137344490386086], [35000, 1.0128616762999318], [36000, 1.1551235435997365], [37000, 1.202101001737921], [38000, 1.0319243257532158], [39000, 1.0049921295504802], [40000, 0.9335245804763993], [41000, 0.8555057727499816], [42000, 0.7757198596470306], [43000, 0.872116798612663], [44000, 0.8151498278095235], [45000, 0.9500726426952961], [46000, 1.0015940069902516], [47000, 0.7922279646787527], [48000, 0.7874239262998453], [49000, 0.7459743049444616], [50000, 0.8310445548317041], [51000, 0.7930078812810489], [52000, 0.7551376872261543], [53000, 0.8151414152846358], [54000, 0.9130643083228491], [55000, 0.7502436463063954], [56000, 0.8852118621792587], [57000, 0.8447879675600709], [58000, 0.6818095433079955], [59000, 0.7156380363590229], [60000, 0.7126407228334299], [61000, 0.642927443730189], [62000, 0.5788122419824951], [63000, 0.6772104110937611], [64000, 0.6414245694092746], [65000, 0.6809431501435024], [66000, 0.7551025283150836], [67000, 0.6794443069841303], [68000, 0.6330761057448452], [69000, 0.5583075804955767], [70000, 0.6674978341594712], [71000, 0.635777693481437], [72000, 0.6212221590016986], [73000, 0.6240133133535853], [74000, 0.6709814438837551], [75000, 0.5606705136712382], [76000, 0.6717793781830426], [77000, 0.6474926254069259], [78000, 0.5322604947731778], [79000, 0.6195418715641718], [80000, 0.6331182602331747], [81000, 0.5661619982201849], [82000, 0.49327110255336487], [83000, 0.5475996084283994], [84000, 0.468189792066577], [85000, 0.5680904479687413], [86000, 0.62677659751164], [87000, 0.5479177697576927], [88000, 0.527970737200883], [89000, 0.483781203687901], [90000, 0.5490170693460378], [91000, 0.5309480409084365], [92000, 0.511085084026192], [93000, 0.5084250454934992], [94000, 0.47715695842300343], [95000, 0.4463188047088843], [96000, 0.4998640705903172], [97000, 0.5013543198142988], [98000, 0.45020549217887335], [99000, 0.5268929435919377], [100000, 0.5390201081928843]], "metric_curve": [[20000, 0.653], [40000, 0.70045], [60000, 0.749], [80000, 0.75485], [100000, 0.76765]], "runtime (in seconds)": 115.07332634925842}