{"learning_rate": 0.1, "max_ngrams": 4, "hidden_size": 100, "unk_threshold": 2, "num_epochs": 5, "pretrained_word_embeddings_file": null, "test_accuracy": 0.736, "test_loss": 0.8251817226409912, "loss_curve": [[1000, 1.7966670361063752], [2000, 1.4527757909597006], [3000, 1.4849464639122067], [4000, 1.5521534250345526], [5000, 1.4132172356947148], [6000, 1.2533747159580584], [7000, 1.512738457220069], [8000, 1.481638924719213], [9000, 1.2801922517326934], [10000, 1.4143015385999114], [11000, 1.4055493850182454], [12000, 1.4486879723235093], [13000, 1.4111845638970466], [14000, 1.4335973093866918], [15000, 1.2110157165564859], [16000, 1.3993762987084224], [17000, 1.3367282816292143], [18000, 1.3999139181929636], [19000, 1.3543599713158863], [20000, 1.2565049041288785], [21000, 1.0744892561721688], [22000, 0.9519892971776094], [23000, 1.0320031501705664], [24000, 1.0416593874531033], [25000, 1.0185308579001355], [26000, 0.9967235431684813], [27000, 1.0199228763571717], [28000, 1.0907854942239066], [29000, 0.8914497809221611], [30000, 1.0546741764774823], [31000, 0.9540644581729368], [32000, 0.9175270667037453], [33000, 0.9702771907072312], [34000, 1.1073227368534748], [35000, 0.8272194021632627], [36000, 0.9507393636457122], [37000, 0.9137234252269896], [38000, 0.9449196013709938], [39000, 0.914925301162314], [40000, 0.8837232380097751], [41000, 0.7387737874648489], [42000, 0.6551086619388712], [43000, 0.6789485665728381], [44000, 0.6623373851915327], [45000, 0.6066609790608476], [46000, 0.6343391788001246], [47000, 0.6442313212469355], [48000, 0.7441309456295782], [49000, 0.6494498975306593], [50000, 0.7285510060948629], [51000, 0.6505321754132446], [52000, 0.580839162415327], [53000, 0.6913438737226595], [54000, 0.7565330360666317], [55000, 0.5916902156915067], [56000, 0.6161033870470397], [57000, 0.6096509700975412], [58000, 0.6250200912961799], [59000, 0.5856610984357752], [60000, 0.6291297685467843], [61000, 0.5228533980076956], [62000, 0.536150161765751], [63000, 0.5202360156213397], [64000, 0.48043759227378174], [65000, 0.4703852392818665], [66000, 0.5026507684089979], [67000, 0.4512720766794944], [68000, 0.48669153424447475], [69000, 0.445368771084171], [70000, 0.5098791701875914], [71000, 0.4713851751280218], [72000, 0.44678902947283167], [73000, 0.49287350747035424], [74000, 0.4841701071332815], [75000, 0.4122838296833953], [76000, 0.43321697338345816], [77000, 0.4552430676263462], [78000, 0.43624680860016246], [79000, 0.42838449204473417], [80000, 0.5098247204936411], [81000, 0.39776346637658405], [82000, 0.42655819566825215], [83000, 0.39467978343714244], [84000, 0.3750102039080889], [85000, 0.3753348573741678], [86000, 0.3649509610155499], [87000, 0.3275972995505226], [88000, 0.3688058676123011], [89000, 0.34431813894621827], [90000, 0.4093295607651914], [91000, 0.37779447508000474], [92000, 0.3485257451399653], [93000, 0.385107821344466], [94000, 0.3842199642337996], [95000, 0.3458571120242699], [96000, 0.3355918587937485], [97000, 0.3883858952535971], [98000, 0.3452320866962979], [99000, 0.3447292975519617], [100000, 0.39811024356187485]], "metric_curve": [[20000, 0.61805], [40000, 0.68445], [60000, 0.74315], [80000, 0.7808], [100000, 0.8083]], "runtime (in seconds)": 142.5122675895691}