{"learning_rate": 0.1, "max_ngrams": 3, "hidden_size": 100, "unk_threshold": 3, "num_epochs": 2, "pretrained_word_embeddings_file": null, "test_accuracy": 0.661, "test_loss": 1.0622851848602295, "loss_curve": [[1000, 1.3641314574458792], [2000, 1.1906953003196994], [3000, 1.2301042325090448], [4000, 1.2321074823572653], [5000, 1.2754298085192468], [6000, 1.0433216652546922], [7000, 1.156069688024013], [8000, 1.1332863972819889], [9000, 1.0924421081167939], [10000, 1.1524480690445058], [11000, 1.1278261273157226], [12000, 1.211203424295715], [13000, 1.1587462831383442], [14000, 1.0814748558580103], [15000, 1.0914495088727314], [16000, 1.152716576045485], [17000, 1.1334211445186047], [18000, 1.056374556217402], [19000, 1.0970508425892314], [20000, 1.1002328890415807], [21000, 0.8542931422163842], [22000, 0.8817318427786629], [23000, 0.943015756509013], [24000, 0.8666710474119448], [25000, 0.9750994669558077], [26000, 0.789602218093123], [27000, 0.823991875052197], [28000, 0.839111305966326], [29000, 0.8402332004140693], [30000, 0.8668120472417581], [31000, 0.7726726714862759], [32000, 0.8513341789739433], [33000, 0.912064220775158], [34000, 0.783967461822375], [35000, 0.7771246858149559], [36000, 0.8410356664187201], [37000, 0.8587192794127757], [38000, 0.7485981484986185], [39000, 0.8258399409352575], [40000, 0.7888797927185587]], "metric_curve": [[20000, 0.6115], [40000, 0.67625]], "runtime (in seconds)": 52.337002754211426}