{"learning_rate": 0.1, "max_ngrams": 2, "hidden_size": 300, "unk_threshold": 3, "num_epochs": 2, "pretrained_word_embeddings_file": null, "test_accuracy": 0.6575, "test_loss": 3.0533065795898438, "loss_curve": [[1000, 3.5749311040725904], [2000, 3.1025663138664963], [3000, 2.790862122716203], [4000, 2.532787162564086], [5000, 2.884826807262882], [6000, 2.365351854212123], [7000, 2.708391159747451], [8000, 2.410201176862081], [9000, 2.4330203557778347], [10000, 2.5605758170992763], [11000, 2.5838460243284005], [12000, 2.3551401616234835], [13000, 2.7657437692254567], [14000, 2.3886998841799514], [15000, 1.9335790514371876], [16000, 2.645483918394186], [17000, 2.3962250183336122], [18000, 2.1849359063623983], [19000, 2.1817008322457068], [20000, 2.2859636105892958], [21000, 1.4460458260714526], [22000, 1.34473916301775], [23000, 1.406222058715181], [24000, 1.054592637383202], [25000, 1.2573601664094916], [26000, 1.327673002147951], [27000, 1.1354639052890831], [28000, 1.2302351791258852], [29000, 1.2721931051434543], [30000, 1.234466013934862], [31000, 1.189828295852046], [32000, 1.104742386306824], [33000, 1.4216476090760626], [34000, 1.076684596864134], [35000, 1.0157608183763247], [36000, 1.2708213982680985], [37000, 1.2492537415674927], [38000, 0.9693162519595027], [39000, 1.068539165836744], [40000, 1.1591733554165333]], "metric_curve": [[20000, 0.65125], [40000, 0.6994]], "runtime (in seconds)": 60.61225461959839}