{"learning_rate": 0.1, "max_ngrams": 3, "hidden_size": 100, "unk_threshold": 2, "num_epochs": 2, "pretrained_word_embeddings_file": null, "test_accuracy": 0.667, "test_loss": 0.9935761094093323, "loss_curve": [[1000, 1.7664800503850313], [2000, 1.4592199913604118], [3000, 1.5084477246858918], [4000, 1.5688768465187364], [5000, 1.4236765341322541], [6000, 1.257218531044524], [7000, 1.5212466675402616], [8000, 1.4907849457087319], [9000, 1.282487971244284], [10000, 1.4279618705002093], [11000, 1.4170183805587275], [12000, 1.4594651362600726], [13000, 1.4140933168941536], [14000, 1.4423522933314847], [15000, 1.2220071679095954], [16000, 1.4216734630840047], [17000, 1.3433437646508957], [18000, 1.3705448472641752], [19000, 1.3897257480388217], [20000, 1.2580707507266677], [21000, 1.0833803575956136], [22000, 0.9823838669204332], [23000, 1.0276066437090479], [24000, 1.0401926518235125], [25000, 1.0203862037588052], [26000, 0.9931964974011444], [27000, 1.0212337846779407], [28000, 1.101325677286004], [29000, 0.8912692514556146], [30000, 1.0671070868228134], [31000, 0.9459892081099338], [32000, 0.9175178775452342], [33000, 0.9946119223145831], [34000, 1.111339504556361], [35000, 0.8472461654288976], [36000, 0.9322635727536414], [37000, 0.8850262538416312], [38000, 0.9620195179489271], [39000, 0.950228846231058], [40000, 0.8606641015931151]], "metric_curve": [[20000, 0.62615], [40000, 0.6919]], "runtime (in seconds)": 51.306838512420654}