{"learning_rate": 0.1, "max_ngrams": 3, "hidden_size": 300, "unk_threshold": 0, "num_epochs": 8, "pretrained_word_embeddings_file": null, "test_accuracy": 0.826, "test_loss": 3.7480502128601074, "loss_curve": [[1000, 3.7058079854862918], [2000, 4.273370466630583], [3000, 4.513149511480663], [4000, 4.602957930484221], [5000, 4.450350761976299], [6000, 4.675669458088867], [7000, 4.076383139976861], [8000, 4.515399504020132], [9000, 4.293426524133543], [10000, 4.307247327627192], [11000, 4.782193059076163], [12000, 4.259924971426732], [13000, 4.07369495612776], [14000, 4.283831762402405], [15000, 4.186453158589047], [16000, 3.7009207761758254], [17000, 3.581769976275072], [18000, 3.872238796018593], [19000, 3.3505489564818647], [20000, 3.9420111249609957], [21000, 2.3177105091237684], [22000, 1.6795848415381474], [23000, 1.6518253297890895], [24000, 1.7907377390668606], [25000, 1.3533325038463138], [26000, 1.7139618323026584], [27000, 1.3582905519385204], [28000, 1.2473960369949133], [29000, 1.5437299491077692], [30000, 1.6447908834451954], [31000, 1.4157093268432086], [32000, 1.514749166655655], [33000, 1.4341485459060161], [34000, 1.3558505701099217], [35000, 1.4810715830178505], [36000, 1.4635452795321662], [37000, 1.478141041687495], [38000, 1.407584727874577], [39000, 1.4392984904350818], [40000, 1.3715543115352709], [41000, 1.1830337068436696], [42000, 0.7061135994208521], [43000, 0.8468198327151037], [44000, 0.6870776186668204], [45000, 0.8194708385140852], [46000, 0.9148658743171968], [47000, 0.7229397977513994], [48000, 0.5753951572721461], [49000, 0.6159689090305412], [50000, 0.7828597048278718], [51000, 0.8765031109057236], [52000, 0.7031315341115958], [53000, 0.5806402670053178], [54000, 0.7311221452553567], [55000, 0.5406448592978393], [56000, 0.7076388075858019], [57000, 0.8470081604002831], [58000, 0.7523705740654018], [59000, 0.6372652789592628], [60000, 0.711106922505451], [61000, 0.7094724318614908], [62000, 0.5478781736944799], [63000, 0.568664941257364], [64000, 0.5244500253368307], [65000, 0.45784229067864746], [66000, 0.7010568585893798], [67000, 0.4790047603643829], [68000, 0.4427491608187367], [69000, 0.5151018248284928], [70000, 0.5009419228685459], [71000, 0.5373324038485343], [72000, 0.5327418379345337], [73000, 0.6605517262310671], [74000, 0.3931081943985566], [75000, 0.3723497172306598], [76000, 0.43237935937750466], [77000, 0.46152952786980905], [78000, 0.39118361336798974], [79000, 0.23907201473568215], [80000, 0.48558500823756556], [81000, 0.4608671909034995], [82000, 0.25752030217719135], [83000, 0.33645988542821753], [84000, 0.3305827491126753], [85000, 0.43647804894488734], [86000, 0.5328501367071709], [87000, 0.30475551859679745], [88000, 0.32659178922419746], [89000, 0.3271889520863133], [90000, 0.32154355267904045], [91000, 0.3222969935061867], [92000, 0.43357391173256554], [93000, 0.499612876492291], [94000, 0.3544561687373614], [95000, 0.18340370749493795], [96000, 0.33642951437152735], [97000, 0.29149647217994723], [98000, 0.18604105264150236], [99000, 0.10160149772290186], [100000, 0.3058069073463406], [101000, 0.38928111056931], [102000, 0.2589664174480725], [103000, 0.20343202798886809], [104000, 0.21812568931207313], [105000, 0.27007877648815], [106000, 0.36609589427162714], [107000, 0.1803688762939138], [108000, 0.2688530415557634], [109000, 0.3244388611570749], [110000, 0.21115010519678], [111000, 0.1853615586847856], [112000, 0.37774569477165587], [113000, 0.4699547794933239], [114000, 0.08745745399093796], [115000, 0.22173840641021578], [116000, 0.17975510923587473], [117000, 0.07499545419117028], [118000, 0.10490770388495653], [119000, 0.17272137212679847], [120000, 0.18839581086680862], [121000, 0.19009401116085461], [122000, 0.1181967782838613], [123000, 0.2260153499893651], [124000, 0.1942327420402714], [125000, 0.24784334486526277], [126000, 0.3337798629702649], [127000, 0.2087794744475791], [128000, 0.09312743165476443], [129000, 0.3140305966484551], [130000, 0.08738624284357177], [131000, 0.10051228855250335], [132000, 0.3369261411313852], [133000, 0.29034434586668434], [134000, 0.12305960661393085], [135000, 0.11251061769325126], [136000, 0.20789742463851615], [137000, 0.10395299377220492], [138000, 0.13101570974448282], [139000, 0.07407330227935183], [140000, 0.13790281722940465], [141000, 0.22864668278962075], [142000, 0.06957688813771151], [143000, 0.1412743824299477], [144000, 0.14596786453823105], [145000, 0.1612914601087232], [146000, 0.2615707185610609], [147000, 0.1087764752160064], [148000, 0.050137458951436446], [149000, 0.26897457466472047], [150000, 0.0888991519539973], [151000, 0.1721605150966641], [152000, 0.22432328897450032], [153000, 0.2556701516371743], [154000, 0.06499359446043339], [155000, 0.06999041813311459], [156000, 0.23029926361034012], [157000, 0.061601921032087274], [158000, 0.06206605733944212], [159000, 0.06899129627097828], [160000, 0.05246002084406456]], "metric_curve": [[20000, 0.68535], [40000, 0.83395], [60000, 0.90045], [80000, 0.93365], [100000, 0.95345], [120000, 0.9727], [140000, 0.9741], [160000, 0.989]], "runtime (in seconds)": 212.1680552959442}