{"learning_rate": 0.1, "max_ngrams": 3, "hidden_size": 300, "unk_threshold": 1, "num_epochs": 2, "pretrained_word_embeddings_file": null, "test_accuracy": 0.7415, "test_loss": 2.737488269805908, "loss_curve": [[1000, 3.7058079854862918], [2000, 4.273370466630583], [3000, 4.513149511480663], [4000, 4.602957930484221], [5000, 4.450350761976299], [6000, 4.675669458088867], [7000, 4.076383139976861], [8000, 4.515399504020132], [9000, 4.293426524133543], [10000, 4.307247327627192], [11000, 4.782193059076163], [12000, 4.259924971426732], [13000, 4.07369495612776], [14000, 4.283831762402405], [15000, 4.186453158589047], [16000, 3.7009207761758254], [17000, 3.581769976275072], [18000, 3.872238796018593], [19000, 3.3505489564818647], [20000, 3.9420111249609957], [21000, 2.3177105091237684], [22000, 1.6795848415381474], [23000, 1.6518253297890895], [24000, 1.7907377390668606], [25000, 1.3533325038463138], [26000, 1.7139618323026584], [27000, 1.3582905519385204], [28000, 1.2473960369949133], [29000, 1.5437299491077692], [30000, 1.6447908834451954], [31000, 1.4157093268432086], [32000, 1.514749166655655], [33000, 1.4341485459060161], [34000, 1.3558505701099217], [35000, 1.4810715830178505], [36000, 1.4635452795321662], [37000, 1.478141041687495], [38000, 1.407584727874577], [39000, 1.4392984904350818], [40000, 1.3715543115352709]], "metric_curve": [[20000, 0.68535], [40000, 0.83395]], "runtime (in seconds)": 55.52581858634949}