{"learning_rate": 0.1, "max_ngrams": 3, "hidden_size": 100, "unk_threshold": 2, "num_epochs": 5, "pretrained_word_embeddings_file": null, "test_accuracy": 0.7325, "test_loss": 0.8501290082931519, "loss_curve": [[1000, 1.7664800503850313], [2000, 1.4592199913604118], [3000, 1.5084477246858918], [4000, 1.5688768465187364], [5000, 1.4236765341322541], [6000, 1.257218531044524], [7000, 1.5212466675402616], [8000, 1.4907849457087319], [9000, 1.282487971244284], [10000, 1.4279618705002093], [11000, 1.4170183805587275], [12000, 1.4594651362600726], [13000, 1.4140933168941536], [14000, 1.4423522933314847], [15000, 1.2220071679095954], [16000, 1.4216734630840047], [17000, 1.3433437646508957], [18000, 1.3705448472641752], [19000, 1.3897257480388217], [20000, 1.2580707507266677], [21000, 1.0833803575956136], [22000, 0.9823838669204332], [23000, 1.0276066437090479], [24000, 1.0401926518235125], [25000, 1.0203862037588052], [26000, 0.9931964974011444], [27000, 1.0212337846779407], [28000, 1.101325677286004], [29000, 0.8912692514556146], [30000, 1.0671070868228134], [31000, 0.9459892081099338], [32000, 0.9175178775452342], [33000, 0.9946119223145831], [34000, 1.111339504556361], [35000, 0.8472461654288976], [36000, 0.9322635727536414], [37000, 0.8850262538416312], [38000, 0.9620195179489271], [39000, 0.950228846231058], [40000, 0.8606641015931151], [41000, 0.7202603052763696], [42000, 0.681742511721289], [43000, 0.6767938573786375], [44000, 0.6893538828801618], [45000, 0.6185249079235202], [46000, 0.6259164909047181], [47000, 0.6452704578288874], [48000, 0.7597846156956856], [49000, 0.6456413480796077], [50000, 0.7208175274563129], [51000, 0.6437312563923276], [52000, 0.5672938691724073], [53000, 0.6545043642448924], [54000, 0.7203990550965248], [55000, 0.5720568353126737], [56000, 0.6162008444797188], [57000, 0.6227028614468645], [58000, 0.6076062812212012], [59000, 0.6042916759999386], [60000, 0.6425008134995764], [61000, 0.5237892936398894], [62000, 0.5128327989659368], [63000, 0.5011421541102336], [64000, 0.4701666664909277], [65000, 0.4783166091591404], [66000, 0.5002247572508252], [67000, 0.4519972269155836], [68000, 0.49664258979875003], [69000, 0.4387765392638296], [70000, 0.4986723233633376], [71000, 0.49198730789310946], [72000, 0.43422784560922467], [73000, 0.4724294447928678], [74000, 0.49394422550425227], [75000, 0.41234553898060305], [76000, 0.43286680880678385], [77000, 0.4493848073954231], [78000, 0.4120362185688375], [79000, 0.41495390209613814], [80000, 0.4811502302945922], [81000, 0.3779824953773071], [82000, 0.41328680224874187], [83000, 0.39813099232368526], [84000, 0.36589060464742323], [85000, 0.3725252000128386], [86000, 0.3645429347372907], [87000, 0.32259978278326457], [88000, 0.3589840622161861], [89000, 0.33665358238072285], [90000, 0.40165362087423445], [91000, 0.38252850942125627], [92000, 0.34005716501363636], [93000, 0.3795095008852154], [94000, 0.36802484920510353], [95000, 0.34020632476482743], [96000, 0.3381228138610758], [97000, 0.36287975281217366], [98000, 0.3275619137167853], [99000, 0.34059595914750435], [100000, 0.40089797843021996]], "metric_curve": [[20000, 0.62615], [40000, 0.6919], [60000, 0.74505], [80000, 0.78735], [100000, 0.80905]], "runtime (in seconds)": 139.63399052619934}