{"learning_rate": 0.1, "max_ngrams": 1, "hidden_size": 300, "unk_threshold": 0, "num_epochs": 2, "pretrained_word_embeddings_file": "pretrained_embeddings/fasttext300d.vec", "test_accuracy": 0.755, "test_loss": 0.48526692390441895, "loss_curve": [[1000, 1.7521629836358443], [2000, 0.7624998608727473], [3000, 0.6444653836446814], [4000, 0.5948195651657879], [5000, 0.5840502961287275], [6000, 0.5760756318606436], [7000, 0.5448126847320236], [8000, 0.544189277460333], [9000, 0.5274613494966179], [10000, 0.5463253484033048], [11000, 0.516803946583299], [12000, 0.511778155217151], [13000, 0.5404265478937886], [14000, 0.5027879614075645], [15000, 0.48039708202754994], [16000, 0.5238380503344815], [17000, 0.5125611172378994], [18000, 0.47453318465471966], [19000, 0.5015423293630374], [20000, 0.5039459790819274], [21000, 0.45625125417823437], [22000, 0.4390320176877649], [23000, 0.466124689409844], [24000, 0.44802706067153486], [25000, 0.47331705973228966], [26000, 0.48007717418915125], [27000, 0.4499974230104126], [28000, 0.4378890375389019], [29000, 0.4334987193910056], [30000, 0.45689440773360546], [31000, 0.44452162657203736], [32000, 0.42696429972081024], [33000, 0.4645711407479139], [34000, 0.43172015431919136], [35000, 0.4174418122184761], [36000, 0.45201779304129014], [37000, 0.44175862981315006], [38000, 0.4097410726005546], [39000, 0.443474920046041], [40000, 0.4474078716851191]], "metric_curve": [[20000, 0.77325], [40000, 0.79165]], "runtime (in seconds)": 27.60809326171875}