{"learning_rate": 0.1, "max_ngrams": 3, "hidden_size": 300, "unk_threshold": 2, "num_epochs": 5, "pretrained_word_embeddings_file": null, "test_accuracy": 0.7105, "test_loss": 1.990183711051941, "loss_curve": [[1000, 3.933259983575707], [2000, 3.89918636707917], [3000, 3.4139342875917507], [4000, 3.6352232246354372], [5000, 3.788345172918309], [6000, 3.129765844111749], [7000, 3.774636560075729], [8000, 3.37190880658817], [9000, 3.1321915019910245], [10000, 3.006690083203105], [11000, 3.289926976966548], [12000, 2.9323194458622255], [13000, 2.838271806724114], [14000, 2.992563618272497], [15000, 3.0231620332817877], [16000, 2.9923072134584037], [17000, 2.6481035327204565], [18000, 3.0368777537361975], [19000, 2.847974311814009], [20000, 2.8200087523275794], [21000, 1.884328941130081], [22000, 1.5768298358194472], [23000, 1.4291619897597836], [24000, 1.2529531776828846], [25000, 1.4333831799756998], [26000, 1.4203138879493014], [27000, 1.4967622653924781], [28000, 1.5953748948190551], [29000, 1.483493530237646], [30000, 1.6297967054842708], [31000, 1.590415797152437], [32000, 1.2523665298346425], [33000, 1.4976029903244266], [34000, 1.271452522381215], [35000, 1.1939650273421487], [36000, 1.3427135398956813], [37000, 1.3008424580766746], [38000, 1.2657145268765617], [39000, 1.138582813065412], [40000, 1.4182137610214602], [41000, 0.9411507838276634], [42000, 0.8511952018929201], [43000, 0.8599816956390979], [44000, 0.8496377128847704], [45000, 0.9942970763691066], [46000, 0.8934037206685457], [47000, 0.8371200308566751], [48000, 0.8847061918344894], [49000, 0.8924734002844197], [50000, 0.9594896617037378], [51000, 0.9746184796262791], [52000, 0.7711447223737165], [53000, 0.8934365019816987], [54000, 0.7631121382267334], [55000, 0.8547425483361143], [56000, 0.9316604568249656], [57000, 0.779956971188794], [58000, 0.6635079398165846], [59000, 0.7232542317592519], [60000, 0.8259827396932478], [61000, 0.6270099357227321], [62000, 0.5556607042758076], [63000, 0.596318110175326], [64000, 0.5548415163466914], [65000, 0.6757336186502431], [66000, 0.6874033006820852], [67000, 0.5782566948375252], [68000, 0.6355930525133057], [69000, 0.5751855084818128], [70000, 0.6157990249458284], [71000, 0.5873192562268885], [72000, 0.49930069758250406], [73000, 0.6755643859532321], [74000, 0.617271968910762], [75000, 0.549676519306589], [76000, 0.5868467415385203], [77000, 0.5023280533370235], [78000, 0.5144577082304997], [79000, 0.5944328955128854], [80000, 0.6805329374925573], [81000, 0.5428474128928482], [82000, 0.5199910004780562], [83000, 0.4178755303112945], [84000, 0.5078203366081016], [85000, 0.5983091852379588], [86000, 0.5258734251995885], [87000, 0.5100253157854184], [88000, 0.44973668136037437], [89000, 0.45366560510566223], [90000, 0.427190445845176], [91000, 0.49086401831790766], [92000, 0.33076579560869657], [93000, 0.4764173621527534], [94000, 0.4528686928442975], [95000, 0.3698371206291192], [96000, 0.43239299724829844], [97000, 0.36583033372854673], [98000, 0.3370998823874292], [99000, 0.40606900060613865], [100000, 0.4515495647484114]], "metric_curve": [[20000, 0.6739], [40000, 0.7412], [60000, 0.7638], [80000, 0.8025], [100000, 0.8062]], "runtime (in seconds)": 139.4046287536621}