{"learning_rate": 0.1, "max_ngrams": 4, "hidden_size": 100, "unk_threshold": 0, "num_epochs": 2, "pretrained_word_embeddings_file": null, "test_accuracy": 0.643, "test_loss": 1.3684417009353638, "loss_curve": [[1000, 1.6310878099702433], [2000, 1.7492167612634113], [3000, 1.9353889549737442], [4000, 1.773232580205376], [5000, 1.8464297678092996], [6000, 1.841998372133602], [7000, 1.6773547830090454], [8000, 1.6649426096484923], [9000, 1.6591290850089877], [10000, 1.6952261465461707], [11000, 1.6319789510591807], [12000, 1.7668043229534862], [13000, 1.722678615073951], [14000, 1.6085852147812554], [15000, 1.6936383181255283], [16000, 1.7107108264067865], [17000, 1.6969927390920276], [18000, 1.5636243668063463], [19000, 1.6869277510660334], [20000, 1.6509033608661103], [21000, 1.1868281186362073], [22000, 1.0679834921710614], [23000, 1.2867402383086144], [24000, 1.3136988702634094], [25000, 1.2755923355130736], [26000, 1.2189251883958754], [27000, 1.138447462149155], [28000, 1.1289966255549664], [29000, 1.1339129257645448], [30000, 1.0585749080031017], [31000, 1.0837719671820139], [32000, 1.0259149051167855], [33000, 1.3263887307890858], [34000, 1.067174140893714], [35000, 1.1912563887126881], [36000, 1.016866841653652], [37000, 1.1695662025568379], [38000, 1.0749791049797524], [39000, 1.1664269148680637], [40000, 1.0598518638740744]], "metric_curve": [[20000, 0.5991], [40000, 0.6637]], "runtime (in seconds)": 57.15905976295471}