{"learning_rate": 0.1, "max_ngrams": 2, "hidden_size": 100, "unk_threshold": 0, "num_epochs": 8, "pretrained_word_embeddings_file": null, "test_accuracy": 0.813, "test_loss": 1.8405258655548096, "loss_curve": [[1000, 1.5526930328676682], [2000, 1.5817427441149339], [3000, 1.8607572535262986], [4000, 1.811820474550161], [5000, 1.7716120177620434], [6000, 1.706242189827042], [7000, 1.7619621047812881], [8000, 1.6897559936395723], [9000, 1.5769806337223922], [10000, 1.8408254868522576], [11000, 1.8758066499914083], [12000, 1.8396653752107404], [13000, 1.822246138097777], [14000, 1.8659319383594883], [15000, 1.6462727804105963], [16000, 1.7371576821046266], [17000, 1.8052997439169387], [18000, 1.6965221611331567], [19000, 1.690045977326189], [20000, 1.6894745409715295], [21000, 1.1654137913716076], [22000, 1.0760496204030485], [23000, 1.3091445656669078], [24000, 1.2258682128903764], [25000, 1.104694239823783], [26000, 1.21191126613735], [27000, 1.2173067342117114], [28000, 1.0209315635909224], [29000, 1.0832180656749726], [30000, 1.198109823288236], [31000, 1.15641014614336], [32000, 1.1357116209309013], [33000, 1.1803740474352253], [34000, 1.2226560152115835], [35000, 1.0343120775270347], [36000, 0.9988666745904379], [37000, 1.118865464622526], [38000, 1.0346073475856243], [39000, 1.1459604094982059], [40000, 1.0814060198300737], [41000, 0.7270774942911943], [42000, 0.6711689282595577], [43000, 0.8416117842410753], [44000, 0.7695348059298815], [45000, 0.6342694937187617], [46000, 0.707228959972831], [47000, 0.7524108428662725], [48000, 0.6264499642073714], [49000, 0.7266125579495503], [50000, 0.8118733001214911], [51000, 0.6370733644303657], [52000, 0.6338985371347297], [53000, 0.6713839749190497], [54000, 0.6517671219141177], [55000, 0.6724632723859262], [56000, 0.5523982491034256], [57000, 0.6111740482737881], [58000, 0.6193727752665482], [59000, 0.6958196842331332], [60000, 0.7336527404446561], [61000, 0.5987003439087812], [62000, 0.44060947318501265], [63000, 0.5232585728484723], [64000, 0.5045914988766655], [65000, 0.45343823523224674], [66000, 0.43818819863833414], [67000, 0.5169862375082253], [68000, 0.38599322613598447], [69000, 0.47577615398052925], [70000, 0.6036185611130589], [71000, 0.3790583939882334], [72000, 0.3634647393843834], [73000, 0.504097070849973], [74000, 0.4460758823240715], [75000, 0.39663026263755546], [76000, 0.3578627207944212], [77000, 0.3093936154598077], [78000, 0.35207251896445585], [79000, 0.3684134172318274], [80000, 0.5636105810814607], [81000, 0.4048194792784191], [82000, 0.30436059511868613], [83000, 0.3136604295868942], [84000, 0.3362158117441005], [85000, 0.30305042719701725], [86000, 0.2612047756076494], [87000, 0.31496921092597], [88000, 0.2506679076760671], [89000, 0.30140735886007436], [90000, 0.39311548650811284], [91000, 0.3023228025386687], [92000, 0.20440398519401864], [93000, 0.3283102941548472], [94000, 0.22533189051459332], [95000, 0.26372227088897227], [96000, 0.24461677905402637], [97000, 0.21153879580004842], [98000, 0.19326949139791205], [99000, 0.22715364555548792], [100000, 0.34130700992612334], [101000, 0.2884197375382138], [102000, 0.23779548565131986], [103000, 0.23915039253523515], [104000, 0.2518392297149486], [105000, 0.2233563206988002], [106000, 0.16826080106462393], [107000, 0.1878221660087139], [108000, 0.2196255108867536], [109000, 0.1987931609431253], [110000, 0.22754665385374095], [111000, 0.22120294447678363], [112000, 0.17645980383850052], [113000, 0.20284087543568555], [114000, 0.17053390533506393], [115000, 0.182670067983686], [116000, 0.17753011419465992], [117000, 0.18440838736553777], [118000, 0.13844059011160775], [119000, 0.13284286489340466], [120000, 0.2198020826127073], [121000, 0.23434645541750587], [122000, 0.1280128886229679], [123000, 0.1866296681095174], [124000, 0.17598512284342818], [125000, 0.1793212795603395], [126000, 0.14203073366921826], [127000, 0.1652803092294981], [128000, 0.1592304427747672], [129000, 0.11264768033584178], [130000, 0.1346654457038858], [131000, 0.15483385296342575], [132000, 0.15483637051349602], [133000, 0.2122304701596835], [134000, 0.16620661207798895], [135000, 0.10917384554358314], [136000, 0.13173751402822442], [137000, 0.14942879031981351], [138000, 0.12879259411187247], [139000, 0.08637445880688963], [140000, 0.14254323906124725], [141000, 0.14996850545477858], [142000, 0.0949952651922822], [143000, 0.14308022845113907], [144000, 0.11671234166062498], [145000, 0.11678981951054773], [146000, 0.1669243072288897], [147000, 0.1127309073010648], [148000, 0.07841363071296444], [149000, 0.12194903761913725], [150000, 0.10282394863526449], [151000, 0.15309439461381244], [152000, 0.14846439150989565], [153000, 0.1429111461731298], [154000, 0.08003873992006783], [155000, 0.11403689884720987], [156000, 0.11639240492983509], [157000, 0.08423558834562282], [158000, 0.08684156247623095], [159000, 0.05646376959822177], [160000, 0.09194668963201906]], "metric_curve": [[20000, 0.58005], [40000, 0.6824], [60000, 0.75095], [80000, 0.81225], [100000, 0.85295], [120000, 0.8936], [140000, 0.92085], [160000, 0.9443]], "runtime (in seconds)": 222.48371195793152}