{"learning_rate": 0.1, "max_ngrams": 4, "hidden_size": 300, "unk_threshold": 3, "num_epochs": 2, "pretrained_word_embeddings_file": null, "test_accuracy": 0.665, "test_loss": 1.5203964710235596, "loss_curve": [[1000, 3.6187649702674514], [2000, 2.667562240061377], [3000, 2.562863469992032], [4000, 2.574204970364956], [5000, 2.7766479645331468], [6000, 2.5271452506365764], [7000, 2.688105568066326], [8000, 2.3075435600774523], [9000, 2.3988882515325494], [10000, 2.237470829013051], [11000, 2.143896031340039], [12000, 2.217386901235457], [13000, 2.5223092897246593], [14000, 2.242477908503976], [15000, 2.1642903731416445], [16000, 2.692620853853483], [17000, 2.4291567523354556], [18000, 2.077484817142855], [19000, 1.9774182320206977], [20000, 2.05938518242031], [21000, 1.461903831803109], [22000, 1.1997687682322435], [23000, 1.4109451235052128], [24000, 1.3374905647426805], [25000, 1.4716903954266956], [26000, 1.2945556892137005], [27000, 1.3136566213931467], [28000, 1.2871946433786563], [29000, 1.2375607737000143], [30000, 1.1391457516532548], [31000, 1.098682728551046], [32000, 1.1449956660214111], [33000, 1.2261809825138947], [34000, 1.2137344490386086], [35000, 1.0128616762999318], [36000, 1.1551235435997365], [37000, 1.202101001737921], [38000, 1.0319243257532158], [39000, 1.0049921295504802], [40000, 0.9335245804763993]], "metric_curve": [[20000, 0.653], [40000, 0.70045]], "runtime (in seconds)": 58.894532680511475}