{"learning_rate": 0.1, "max_ngrams": 3, "hidden_size": 300, "unk_threshold": 3, "num_epochs": 2, "pretrained_word_embeddings_file": null, "test_accuracy": 0.6765, "test_loss": 1.3135778903961182, "loss_curve": [[1000, 3.5679436597706715], [2000, 2.69597938184606], [3000, 2.6169851838010008], [4000, 2.7120191928307045], [5000, 2.8444229901058216], [6000, 2.593360458587715], [7000, 2.629139885093651], [8000, 2.35565873159324], [9000, 2.33795924821614], [10000, 2.2444913428167594], [11000, 2.0362829835618874], [12000, 2.142190404066228], [13000, 2.4963654623084306], [14000, 2.128620285899985], [15000, 2.078638654456182], [16000, 2.603068862587482], [17000, 2.351506416058828], [18000, 2.090754952297072], [19000, 2.0151746547200657], [20000, 2.1115572394522317], [21000, 1.4667080248985165], [22000, 1.148852682140502], [23000, 1.2545879566960443], [24000, 1.330277153185922], [25000, 1.4182353425818048], [26000, 1.421425506569457], [27000, 1.2779934821877221], [28000, 1.10816827692473], [29000, 1.2613332604068248], [30000, 1.0560491659550788], [31000, 1.0615420275779313], [32000, 1.1983419941867937], [33000, 1.3022098607849162], [34000, 1.4018430436499842], [35000, 0.983816644527964], [36000, 1.2121830420087232], [37000, 1.1447240638734715], [38000, 0.9494134454193853], [39000, 1.027766644806938], [40000, 1.0054257526571615]], "metric_curve": [[20000, 0.6588], [40000, 0.71435]], "runtime (in seconds)": 56.1356463432312}