{"learning_rate": 0.1, "max_ngrams": 4, "hidden_size": 100, "unk_threshold": 2, "num_epochs": 2, "pretrained_word_embeddings_file": null, "test_accuracy": 0.649, "test_loss": 1.0974608659744263, "loss_curve": [[1000, 1.7966670361063752], [2000, 1.4527757909597006], [3000, 1.4849464639122067], [4000, 1.5521534250345526], [5000, 1.4132172356947148], [6000, 1.2533747159580584], [7000, 1.512738457220069], [8000, 1.481638924719213], [9000, 1.2801922517326934], [10000, 1.4143015385999114], [11000, 1.4055493850182454], [12000, 1.4486879723235093], [13000, 1.4111845638970466], [14000, 1.4335973093866918], [15000, 1.2110157165564859], [16000, 1.3993762987084224], [17000, 1.3367282816292143], [18000, 1.3999139181929636], [19000, 1.3543599713158863], [20000, 1.2565049041288785], [21000, 1.0744892561721688], [22000, 0.9519892971776094], [23000, 1.0320031501705664], [24000, 1.0416593874531033], [25000, 1.0185308579001355], [26000, 0.9967235431684813], [27000, 1.0199228763571717], [28000, 1.0907854942239066], [29000, 0.8914497809221611], [30000, 1.0546741764774823], [31000, 0.9540644581729368], [32000, 0.9175270667037453], [33000, 0.9702771907072312], [34000, 1.1073227368534748], [35000, 0.8272194021632627], [36000, 0.9507393636457122], [37000, 0.9137234252269896], [38000, 0.9449196013709938], [39000, 0.914925301162314], [40000, 0.8837232380097751]], "metric_curve": [[20000, 0.61805], [40000, 0.68445]], "runtime (in seconds)": 55.15523433685303}