{"learning_rate": 0.1, "max_ngrams": 2, "hidden_size": 100, "unk_threshold": 2, "num_epochs": 2, "pretrained_word_embeddings_file": null, "test_accuracy": 0.674, "test_loss": 1.1296669244766235, "loss_curve": [[1000, 1.609077897101247], [2000, 1.5782408541659252], [3000, 1.5658690196035936], [4000, 1.6049977780122053], [5000, 1.5673762214352984], [6000, 1.48206232213813], [7000, 1.559766133571472], [8000, 1.4939162421960164], [9000, 1.3858352049675078], [10000, 1.3947673989913154], [11000, 1.4456683218222846], [12000, 1.4583965882280978], [13000, 1.430433452279645], [14000, 1.3535128535224648], [15000, 1.3850178756988867], [16000, 1.374967093983291], [17000, 1.3307245484673536], [18000, 1.2639308839651848], [19000, 1.312580162094061], [20000, 1.3666282181879212], [21000, 1.021787351768111], [22000, 1.0883942367995334], [23000, 1.038885351389468], [24000, 1.0040480428423835], [25000, 1.0580644721903674], [26000, 0.9921282450647888], [27000, 1.0080968447945167], [28000, 1.0343490435923213], [29000, 0.9292623022746703], [30000, 0.9792677090662155], [31000, 0.9526486736632287], [32000, 0.9339584054904101], [33000, 0.9825015815965891], [34000, 0.977238008191247], [35000, 0.9011631449619547], [36000, 0.973358886655867], [37000, 0.8856342785721383], [38000, 0.7477656105448247], [39000, 0.9059365248901629], [40000, 0.8964085206554064]], "metric_curve": [[20000, 0.6202], [40000, 0.7037]], "runtime (in seconds)": 58.94456934928894}