{"learning_rate": 0.1, "max_ngrams": 2, "hidden_size": 300, "unk_threshold": 2, "num_epochs": 8, "pretrained_word_embeddings_file": null, "test_accuracy": 0.778, "test_loss": 0.8724324703216553, "loss_curve": [[1000, 4.0047960064473065], [2000, 4.2711477066247765], [3000, 3.944534979806858], [4000, 3.556471408053504], [5000, 3.513382038408352], [6000, 3.071203048742276], [7000, 3.6794799674895065], [8000, 3.4833096853670225], [9000, 3.199452162780424], [10000, 3.5497111811267876], [11000, 3.41953324827507], [12000, 3.1191204531318686], [13000, 3.4796744988084503], [14000, 2.8915090511872115], [15000, 3.0503141936681324], [16000, 3.086010195780792], [17000, 2.8438492208310113], [18000, 3.1139412988895714], [19000, 2.567389628778816], [20000, 2.7808324766302266], [21000, 1.7393257039513297], [22000, 1.7483224526766206], [23000, 1.5641340486399948], [24000, 1.2085314917360208], [25000, 1.5737612606424145], [26000, 1.4755917454134686], [27000, 1.505033640388112], [28000, 1.3911046434161465], [29000, 1.1793175092774233], [30000, 1.391502255216], [31000, 1.4599414717091161], [32000, 1.1707231224237642], [33000, 1.387162307407614], [34000, 1.1948281701895598], [35000, 1.2340890482961169], [36000, 1.4690005218936804], [37000, 1.2869278708663392], [38000, 1.2121319879029389], [39000, 1.1519526155606707], [40000, 1.3385071224614524], [41000, 0.8899610250079465], [42000, 0.9660538496991455], [43000, 0.8179859014132844], [44000, 0.7113467669057516], [45000, 0.7693083263962917], [46000, 0.8483534443779], [47000, 0.8045494116199843], [48000, 0.8702183323754966], [49000, 0.7702007591003854], [50000, 0.788596682301365], [51000, 0.8770675861974003], [52000, 0.7002771559630051], [53000, 0.856334116014174], [54000, 0.7497407988756057], [55000, 0.7006867582067093], [56000, 0.8076928859072525], [57000, 0.8471938028539625], [58000, 0.8154295991732516], [59000, 0.7497413244741538], [60000, 0.8414474507607699], [61000, 0.6255169219592989], [62000, 0.6777622228737159], [63000, 0.5561223389066491], [64000, 0.47720538369695126], [65000, 0.6532216672138292], [66000, 0.6913548314082388], [67000, 0.5294714275457282], [68000, 0.5046049483126416], [69000, 0.46662320478601343], [70000, 0.5488741308148293], [71000, 0.667686135283838], [72000, 0.49855142647971007], [73000, 0.5803621613695052], [74000, 0.4901794301647027], [75000, 0.5031332252444385], [76000, 0.5455426512249015], [77000, 0.48093153468502714], [78000, 0.46543595238510577], [79000, 0.5125696006462728], [80000, 0.49715114625939444], [81000, 0.4102377682666548], [82000, 0.4624059132311399], [83000, 0.5075349757709915], [84000, 0.4309616494904982], [85000, 0.5715255170631875], [86000, 0.4880589346470213], [87000, 0.42976895659922437], [88000, 0.3605144576056303], [89000, 0.3372469296584765], [90000, 0.32423138227595005], [91000, 0.45328386415042027], [92000, 0.3390841837054936], [93000, 0.44372827307884927], [94000, 0.43910016814887126], [95000, 0.3654333522380216], [96000, 0.41516562289780956], [97000, 0.4315728025281067], [98000, 0.39348945171346555], [99000, 0.41389982286344323], [100000, 0.42474245905706637], [101000, 0.3827360456750307], [102000, 0.41489422832162365], [103000, 0.3518839019011625], [104000, 0.3058645693292097], [105000, 0.3626145060962495], [106000, 0.35766036082025854], [107000, 0.38260780108772735], [108000, 0.38126181566714024], [109000, 0.325025082923943], [110000, 0.3048647452168703], [111000, 0.39864134294367065], [112000, 0.3683792001826303], [113000, 0.47327227708968794], [114000, 0.39299404820441547], [115000, 0.39858744971285376], [116000, 0.3724275985026703], [117000, 0.34986879445118024], [118000, 0.30246474151541586], [119000, 0.3087091302643645], [120000, 0.3699230585065474], [121000, 0.32986297354709937], [122000, 0.3552503962936274], [123000, 0.3091762701413789], [124000, 0.26957066353733067], [125000, 0.3121630723527637], [126000, 0.33160321622150885], [127000, 0.29103586973689055], [128000, 0.27421654108088434], [129000, 0.26410375766241867], [130000, 0.2575343385881201], [131000, 0.30248419204961546], [132000, 0.25742275566469397], [133000, 0.3502456894852458], [134000, 0.3234836166929887], [135000, 0.3011389278109454], [136000, 0.3237307607200476], [137000, 0.34961571803526814], [138000, 0.29336325525142853], [139000, 0.2878537744373534], [140000, 0.2924939233557638], [141000, 0.3007368543563283], [142000, 0.31590073536769625], [143000, 0.2663425515129284], [144000, 0.24995875156304953], [145000, 0.3581947175563281], [146000, 0.3647221041411881], [147000, 0.36848642483036], [148000, 0.34310178806285896], [149000, 0.3193581288524134], [150000, 0.27020650601467], [151000, 0.3194607599132558], [152000, 0.2710029019717971], [153000, 0.3030930443327523], [154000, 0.3016277438633267], [155000, 0.29234017918874755], [156000, 0.2878661702687068], [157000, 0.274289935607812], [158000, 0.2575483367635303], [159000, 0.2420892900490722], [160000, 0.268487798924234]], "metric_curve": [[20000, 0.69385], [40000, 0.7641], [60000, 0.79665], [80000, 0.82335], [100000, 0.82885], [120000, 0.8451], [140000, 0.8499], [160000, 0.85805]], "runtime (in seconds)": 236.79117059707642}