{"learning_rate": 0.1, "max_ngrams": 2, "hidden_size": 300, "unk_threshold": 3, "num_epochs": 8, "pretrained_word_embeddings_file": null, "test_accuracy": 0.7385, "test_loss": 0.9607367515563965, "loss_curve": [[1000, 3.5749311040725904], [2000, 3.1025663138664963], [3000, 2.790862122716203], [4000, 2.532787162564086], [5000, 2.884826807262882], [6000, 2.365351854212123], [7000, 2.708391159747451], [8000, 2.410201176862081], [9000, 2.4330203557778347], [10000, 2.5605758170992763], [11000, 2.5838460243284005], [12000, 2.3551401616234835], [13000, 2.7657437692254567], [14000, 2.3886998841799514], [15000, 1.9335790514371876], [16000, 2.645483918394186], [17000, 2.3962250183336122], [18000, 2.1849359063623983], [19000, 2.1817008322457068], [20000, 2.2859636105892958], [21000, 1.4460458260714526], [22000, 1.34473916301775], [23000, 1.406222058715181], [24000, 1.054592637383202], [25000, 1.2573601664094916], [26000, 1.327673002147951], [27000, 1.1354639052890831], [28000, 1.2302351791258852], [29000, 1.2721931051434543], [30000, 1.234466013934862], [31000, 1.189828295852046], [32000, 1.104742386306824], [33000, 1.4216476090760626], [34000, 1.076684596864134], [35000, 1.0157608183763247], [36000, 1.2708213982680985], [37000, 1.2492537415674927], [38000, 0.9693162519595027], [39000, 1.068539165836744], [40000, 1.1591733554165333], [41000, 1.068408788164539], [42000, 0.8649091675529886], [43000, 0.964281196383259], [44000, 0.7385722465881448], [45000, 0.9155146641717471], [46000, 0.8137829742957476], [47000, 0.7636835720658098], [48000, 0.8020508700069464], [49000, 0.8440476103203608], [50000, 0.8189952400488425], [51000, 0.7978292065928799], [52000, 0.9159184508836942], [53000, 0.9391290359843311], [54000, 0.7753091792217012], [55000, 0.5633171708950006], [56000, 0.6713833509777779], [57000, 0.7481576488303521], [58000, 0.6438327783147109], [59000, 0.8418594151063489], [60000, 0.7679646030387223], [61000, 0.7656165672793215], [62000, 0.6965225458274757], [63000, 0.5958265965049222], [64000, 0.5245090456638045], [65000, 0.6698253230512957], [66000, 0.7437277777309038], [67000, 0.5876272178091129], [68000, 0.6002845033388121], [69000, 0.5313631932509122], [70000, 0.5969814563945502], [71000, 0.6287666774411272], [72000, 0.5715137888639782], [73000, 0.6025567409741812], [74000, 0.604113682505349], [75000, 0.509756125235612], [76000, 0.6058581770245781], [77000, 0.6111804395578929], [78000, 0.49275114132556314], [79000, 0.5940657320245568], [80000, 0.6059727151755021], [81000, 0.6001149103888388], [82000, 0.5589997325003816], [83000, 0.4941155117969385], [84000, 0.46033855732475265], [85000, 0.5880245135200353], [86000, 0.5908619439485245], [87000, 0.5032737272288521], [88000, 0.4790020640896612], [89000, 0.47015871093205824], [90000, 0.531071240296123], [91000, 0.523551755866599], [92000, 0.4545543036664138], [93000, 0.5467006441859266], [94000, 0.5018890269523357], [95000, 0.4060279365261454], [96000, 0.4706761261629457], [97000, 0.4878552352612817], [98000, 0.45145449641796], [99000, 0.5415283847928685], [100000, 0.4862353293922461], [101000, 0.5204330141703597], [102000, 0.4652077745755145], [103000, 0.4853185420345019], [104000, 0.3917410193398435], [105000, 0.4919666416091428], [106000, 0.517842466589078], [107000, 0.43394722980075356], [108000, 0.44163133897578716], [109000, 0.41076924365271067], [110000, 0.4571161531787877], [111000, 0.47313863364562136], [112000, 0.46515145573122996], [113000, 0.4535274752783603], [114000, 0.4705322001210136], [115000, 0.4184344502849606], [116000, 0.449449328255758], [117000, 0.43773136011379454], [118000, 0.391903911390107], [119000, 0.48718813361816504], [120000, 0.4689829484259242], [121000, 0.4654778154535643], [122000, 0.43695574087671984], [123000, 0.4689106697088074], [124000, 0.35669986319220226], [125000, 0.4528759898885632], [126000, 0.4741356509126598], [127000, 0.39477113288530435], [128000, 0.40843838902360324], [129000, 0.37161777320301576], [130000, 0.413491609864107], [131000, 0.43194697409239097], [132000, 0.3810405900276675], [133000, 0.39201690926759697], [134000, 0.3893269680301294], [135000, 0.36716023184698093], [136000, 0.4142816884294265], [137000, 0.39475564776505895], [138000, 0.3334875322607423], [139000, 0.4177916386509811], [140000, 0.39024114357314943], [141000, 0.38408446997504997], [142000, 0.3974689456888302], [143000, 0.414905634659207], [144000, 0.3519048370679971], [145000, 0.45924708656579527], [146000, 0.4836420080355543], [147000, 0.3734001970395438], [148000, 0.3988393648137489], [149000, 0.35899142260559536], [150000, 0.38556486628388104], [151000, 0.40105896863058593], [152000, 0.3575554617033675], [153000, 0.3753814168764364], [154000, 0.37048194714410226], [155000, 0.3387359073268171], [156000, 0.37088983510768453], [157000, 0.3687913562877671], [158000, 0.3181385300726184], [159000, 0.393884062204248], [160000, 0.3634105056722068]], "metric_curve": [[20000, 0.65125], [40000, 0.6994], [60000, 0.74375], [80000, 0.77065], [100000, 0.7658], [120000, 0.77855], [140000, 0.7884], [160000, 0.795]], "runtime (in seconds)": 232.85744547843933}