{"learning_rate": 0.1, "max_ngrams": 2, "hidden_size": 100, "unk_threshold": 3, "num_epochs": 2, "pretrained_word_embeddings_file": null, "test_accuracy": 0.672, "test_loss": 0.9159083962440491, "loss_curve": [[1000, 1.5412723014169383], [2000, 1.3463333356382539], [3000, 1.2752196244384468], [4000, 1.307054092976111], [5000, 1.2796087215998166], [6000, 1.1340248760113623], [7000, 1.1897716630496147], [8000, 1.2332028756919413], [9000, 1.1070570052446254], [10000, 1.2066987931258062], [11000, 1.0723243828674136], [12000, 1.2271796227809886], [13000, 1.2142690085476697], [14000, 1.1808623024211578], [15000, 1.1230840931460406], [16000, 1.1628290005437174], [17000, 1.1055535350966474], [18000, 1.0751500145252204], [19000, 1.1232038717357975], [20000, 1.0455376775814729], [21000, 0.9117848815578036], [22000, 0.8832318093158886], [23000, 0.8719849293396161], [24000, 0.9004170441553317], [25000, 0.9515726822526378], [26000, 0.9013280565627211], [27000, 0.846036590168957], [28000, 0.8652004824639384], [29000, 0.7762211296221524], [30000, 0.917155246956963], [31000, 0.7663459431833407], [32000, 0.7699160272378154], [33000, 0.882423445596464], [34000, 0.8638894798564171], [35000, 0.7247130143165716], [36000, 0.791291212884987], [37000, 0.8298821099381113], [38000, 0.7441838728335213], [39000, 0.7291060245561222], [40000, 0.728344130388973]], "metric_curve": [[20000, 0.6271], [40000, 0.7001]], "runtime (in seconds)": 60.464417457580566}