{"learning_rate": 0.1, "max_ngrams": 4, "hidden_size": 300, "unk_threshold": 0, "num_epochs": 2, "pretrained_word_embeddings_file": null, "test_accuracy": 0.7565, "test_loss": 2.86145281791687, "loss_curve": [[1000, 3.637143292857191], [2000, 4.080357522469729], [3000, 4.997748202761596], [4000, 4.486147522805093], [5000, 4.263798226029727], [6000, 4.510377014752989], [7000, 4.352051600681695], [8000, 4.443898701509423], [9000, 4.300572424620285], [10000, 4.441557193117875], [11000, 4.923503493332671], [12000, 3.956168406495476], [13000, 3.9388921532666217], [14000, 4.1254536111172655], [15000, 4.004850586593887], [16000, 4.05956715843065], [17000, 3.947391727758623], [18000, 3.816031041087876], [19000, 3.538886017987147], [20000, 3.9093134364394078], [21000, 2.180580783654008], [22000, 1.550991891786674], [23000, 1.554170793446673], [24000, 1.5819430712195461], [25000, 1.6856668566919804], [26000, 1.5827422475253583], [27000, 1.3083470688026788], [28000, 1.2223727792637398], [29000, 1.2318015601578025], [30000, 1.3686467700870262], [31000, 1.1832563455294955], [32000, 1.3081107189704686], [33000, 1.362211245563863], [34000, 1.3176728665380535], [35000, 1.2334725345118647], [36000, 1.2229119052363306], [37000, 1.5456125750600667], [38000, 1.4819203373808418], [39000, 1.2358290044298472], [40000, 1.5295156342139946]], "metric_curve": [[20000, 0.7616], [40000, 0.8544]], "runtime (in seconds)": 57.86269950866699}