{"learning_rate": 0.1, "max_ngrams": 3, "hidden_size": 300, "unk_threshold": 1, "num_epochs": 5, "pretrained_word_embeddings_file": null, "test_accuracy": 0.8105, "test_loss": 3.960800886154175, "loss_curve": [[1000, 3.7058079854862918], [2000, 4.273370466630583], [3000, 4.513149511480663], [4000, 4.602957930484221], [5000, 4.450350761976299], [6000, 4.675669458088867], [7000, 4.076383139976861], [8000, 4.515399504020132], [9000, 4.293426524133543], [10000, 4.307247327627192], [11000, 4.782193059076163], [12000, 4.259924971426732], [13000, 4.07369495612776], [14000, 4.283831762402405], [15000, 4.186453158589047], [16000, 3.7009207761758254], [17000, 3.581769976275072], [18000, 3.872238796018593], [19000, 3.3505489564818647], [20000, 3.9420111249609957], [21000, 2.3177105091237684], [22000, 1.6795848415381474], [23000, 1.6518253297890895], [24000, 1.7907377390668606], [25000, 1.3533325038463138], [26000, 1.7139618323026584], [27000, 1.3582905519385204], [28000, 1.2473960369949133], [29000, 1.5437299491077692], [30000, 1.6447908834451954], [31000, 1.4157093268432086], [32000, 1.514749166655655], [33000, 1.4341485459060161], [34000, 1.3558505701099217], [35000, 1.4810715830178505], [36000, 1.4635452795321662], [37000, 1.478141041687495], [38000, 1.407584727874577], [39000, 1.4392984904350818], [40000, 1.3715543115352709], [41000, 1.1830337068436696], [42000, 0.7061135994208521], [43000, 0.8468198327151037], [44000, 0.6870776186668204], [45000, 0.8194708385140852], [46000, 0.9148658743171968], [47000, 0.7229397977513994], [48000, 0.5753951572721461], [49000, 0.6159689090305412], [50000, 0.7828597048278718], [51000, 0.8765031109057236], [52000, 0.7031315341115958], [53000, 0.5806402670053178], [54000, 0.7311221452553567], [55000, 0.5406448592978393], [56000, 0.7076388075858019], [57000, 0.8470081604002831], [58000, 0.7523705740654018], [59000, 0.6372652789592628], [60000, 0.711106922505451], [61000, 0.7094724318614908], [62000, 0.5478781736944799], [63000, 0.568664941257364], [64000, 0.5244500253368307], [65000, 0.45784229067864746], [66000, 0.7010568585893798], [67000, 0.4790047603643829], [68000, 0.4427491608187367], [69000, 0.5151018248284928], [70000, 0.5009419228685459], [71000, 0.5373324038485343], [72000, 0.5327418379345337], [73000, 0.6605517262310671], [74000, 0.3931081943985566], [75000, 0.3723497172306598], [76000, 0.43237935937750466], [77000, 0.46152952786980905], [78000, 0.39118361336798974], [79000, 0.23907201473568215], [80000, 0.48558500823756556], [81000, 0.4608671909034995], [82000, 0.25752030217719135], [83000, 0.33645988542821753], [84000, 0.3305827491126753], [85000, 0.43647804894488734], [86000, 0.5328501367071709], [87000, 0.30475551859679745], [88000, 0.32659178922419746], [89000, 0.3271889520863133], [90000, 0.32154355267904045], [91000, 0.3222969935061867], [92000, 0.43357391173256554], [93000, 0.499612876492291], [94000, 0.3544561687373614], [95000, 0.18340370749493795], [96000, 0.33642951437152735], [97000, 0.29149647217994723], [98000, 0.18604105264150236], [99000, 0.10160149772290186], [100000, 0.3058069073463406]], "metric_curve": [[20000, 0.68535], [40000, 0.83395], [60000, 0.90045], [80000, 0.93365], [100000, 0.95345]], "runtime (in seconds)": 142.70515155792236}