{"learning_rate": 0.1, "max_ngrams": 2, "hidden_size": 300, "unk_threshold": 0, "num_epochs": 5, "pretrained_word_embeddings_file": null, "test_accuracy": 0.818, "test_loss": 3.344515085220337, "loss_curve": [[1000, 3.752520960366], [2000, 3.806865173142865], [3000, 4.562966312614387], [4000, 4.569755660167581], [5000, 4.452869741383129], [6000, 4.614568634804123], [7000, 4.364786465265313], [8000, 4.2677815736384455], [9000, 4.609362907157894], [10000, 4.273530402261631], [11000, 4.822071995581782], [12000, 4.1356803067558765], [13000, 4.069794122487841], [14000, 4.178358526143137], [15000, 3.717893337278323], [16000, 4.098621686421387], [17000, 3.7772192480612814], [18000, 3.7758903424749657], [19000, 4.064680459079613], [20000, 4.439177505024389], [21000, 2.3494775636009133], [22000, 1.4919065493281107], [23000, 1.6606607365034107], [24000, 1.277347442089065], [25000, 1.3841863745212266], [26000, 1.6206856107968668], [27000, 1.497867350940898], [28000, 1.3227585014014023], [29000, 1.465103906004065], [30000, 1.654961106222652], [31000, 1.4237424930567215], [32000, 1.5472352628584307], [33000, 1.4640567949104208], [34000, 1.6253290336990174], [35000, 1.399360062849662], [36000, 1.2730355917427898], [37000, 1.2193006936416302], [38000, 1.0784338617687936], [39000, 1.172747137676816], [40000, 1.723339953774923], [41000, 1.044985522265129], [42000, 0.8653249021714885], [43000, 0.8022932968343942], [44000, 0.6281891627260475], [45000, 0.7316801976211889], [46000, 0.973301949537624], [47000, 0.8473184917316641], [48000, 0.9792746358143909], [49000, 0.669998806804542], [50000, 0.890137151363765], [51000, 1.003902122196505], [52000, 0.8524358891771858], [53000, 0.8591009040293089], [54000, 0.6743251773361655], [55000, 0.5449031803470671], [56000, 0.629525713898453], [57000, 0.6267618781704748], [58000, 0.6625100641343922], [59000, 0.5875869126231555], [60000, 0.7163759470595997], [61000, 0.7287902653106155], [62000, 0.5799900945490936], [63000, 0.5014757767170085], [64000, 0.46520913316801704], [65000, 0.492812771827011], [66000, 0.7041480162493576], [67000, 0.46386433381807396], [68000, 0.3907775869186271], [69000, 0.5577248792275662], [70000, 0.5232597143956781], [71000, 0.5771996372339762], [72000, 0.6061361551626027], [73000, 0.5595881552630426], [74000, 0.4003605006838268], [75000, 0.34112093472932076], [76000, 0.49499137326649645], [77000, 0.30308754316103825], [78000, 0.29926272036833523], [79000, 0.3283118677678714], [80000, 0.475598357955427], [81000, 0.39882312316510415], [82000, 0.36661612760649576], [83000, 0.37060309431182326], [84000, 0.270621098181836], [85000, 0.32521110767831524], [86000, 0.5397032598322411], [87000, 0.27727013048208243], [88000, 0.297796210600246], [89000, 0.44849981459124233], [90000, 0.3795373910763061], [91000, 0.4652994864957722], [92000, 0.40425560187885584], [93000, 0.3870871162093322], [94000, 0.40625338688738244], [95000, 0.2212395054141614], [96000, 0.44018548184953143], [97000, 0.3765155413799328], [98000, 0.37284605469831744], [99000, 0.18713482782842406], [100000, 0.3348047182493102]], "metric_curve": [[20000, 0.7316], [40000, 0.8632], [60000, 0.90865], [80000, 0.94285], [100000, 0.9518]], "runtime (in seconds)": 152.58087348937988}