{"learning_rate": 0.1, "max_ngrams": 2, "hidden_size": 100, "unk_threshold": 2, "num_epochs": 5, "pretrained_word_embeddings_file": null, "test_accuracy": 0.7585, "test_loss": 0.9267618656158447, "loss_curve": [[1000, 1.609077897101247], [2000, 1.5782408541659252], [3000, 1.5658690196035936], [4000, 1.6049977780122053], [5000, 1.5673762214352984], [6000, 1.48206232213813], [7000, 1.559766133571472], [8000, 1.4939162421960164], [9000, 1.3858352049675078], [10000, 1.3947673989913154], [11000, 1.4456683218222846], [12000, 1.4583965882280978], [13000, 1.430433452279645], [14000, 1.3535128535224648], [15000, 1.3850178756988867], [16000, 1.374967093983291], [17000, 1.3307245484673536], [18000, 1.2639308839651848], [19000, 1.312580162094061], [20000, 1.3666282181879212], [21000, 1.021787351768111], [22000, 1.0883942367995334], [23000, 1.038885351389468], [24000, 1.0040480428423835], [25000, 1.0580644721903674], [26000, 0.9921282450647888], [27000, 1.0080968447945167], [28000, 1.0343490435923213], [29000, 0.9292623022746703], [30000, 0.9792677090662155], [31000, 0.9526486736632287], [32000, 0.9339584054904101], [33000, 0.9825015815965891], [34000, 0.977238008191247], [35000, 0.9011631449619547], [36000, 0.973358886655867], [37000, 0.8856342785721383], [38000, 0.7477656105448247], [39000, 0.9059365248901629], [40000, 0.8964085206554064], [41000, 0.7133056822945446], [42000, 0.7734672277929511], [43000, 0.6268888997304709], [44000, 0.6642764731900614], [45000, 0.6869708258576099], [46000, 0.6943038757192103], [47000, 0.6648154661130181], [48000, 0.6524251706894344], [49000, 0.6449321715683737], [50000, 0.67294536108273], [51000, 0.6550674906700444], [52000, 0.590955981751476], [53000, 0.6279921546286341], [54000, 0.5533271784262517], [55000, 0.5635609657074144], [56000, 0.6638251819680943], [57000, 0.6003575217573045], [58000, 0.503056194625415], [59000, 0.5817276737441005], [60000, 0.5702246740584918], [61000, 0.46950018943716015], [62000, 0.584757258232862], [63000, 0.4450738087690453], [64000, 0.469740187505467], [65000, 0.4928221322737304], [66000, 0.5014105002327206], [67000, 0.4404353085854923], [68000, 0.431938295240811], [69000, 0.47517758978587227], [70000, 0.5156202246209397], [71000, 0.46610319001610934], [72000, 0.42378876998012616], [73000, 0.47894573751977165], [74000, 0.39670080577004224], [75000, 0.4111302762673605], [76000, 0.4624830867795475], [77000, 0.43437467694483206], [78000, 0.36111154359839426], [79000, 0.42678545968540577], [80000, 0.4271652289492159], [81000, 0.34717489041282545], [82000, 0.4244362862517653], [83000, 0.3574829667237366], [84000, 0.3816223903202114], [85000, 0.39723876541271763], [86000, 0.403364932201773], [87000, 0.3575887193889166], [88000, 0.33442426226362026], [89000, 0.39397814770914086], [90000, 0.4319636304135292], [91000, 0.38540370155064235], [92000, 0.31400290216462723], [93000, 0.37793037109435057], [94000, 0.32318357159013006], [95000, 0.3142454123819948], [96000, 0.34643628613845623], [97000, 0.3445329974288973], [98000, 0.29927321230109316], [99000, 0.35566045379529443], [100000, 0.37568731586391046]], "metric_curve": [[20000, 0.6202], [40000, 0.7037], [60000, 0.7666], [80000, 0.80065], [100000, 0.8228]], "runtime (in seconds)": 144.0227873325348}