{"learning_rate": 0.25, "max_ngrams": 1, "hidden_size": 50, "unk_threshold": 2, "num_epochs": 5, "pretrained_word_embeddings_file": "pretrained_embeddings/glove-wiki-gigaword-50.txt", "test_accuracy": 0.856, "test_loss": 0.6200749278068542, "loss_curve": [[1000, 1.034734910553878], [2000, 0.9974887133225737], [3000, 0.9912440044759373], [4000, 0.8974450465823582], [5000, 0.9112683729459238], [6000, 0.961861662017742], [7000, 0.7516089228481088], [8000, 0.7110900432131424], [9000, 0.66674935288545], [10000, 0.7842651740477666], [11000, 0.7398265398982886], [12000, 0.6775492536729119], [13000, 0.6605432631479766], [14000, 0.6383423426734856], [15000, 0.5452906685272384], [16000, 0.5904266493459523], [17000, 0.6553260360465502], [18000, 0.6041900009064974], [19000, 0.5894968432914633], [20000, 0.6476100947640737], [21000, 0.3303389885371508], [22000, 0.34302094132890865], [23000, 0.36288017910479675], [24000, 0.30128218823687136], [25000, 0.35118859953558246], [26000, 0.43414087855755185], [27000, 0.32188309981070123], [28000, 0.3035581718377172], [29000, 0.246403820818451], [30000, 0.324628576600876], [31000, 0.37364987997241145], [32000, 0.3338168269105236], [33000, 0.2947444745514784], [34000, 0.29320396415922], [35000, 0.2341976803232311], [36000, 0.26181379099513863], [37000, 0.30055679804173374], [38000, 0.2751623275797298], [39000, 0.30744261346042207], [40000, 0.32051658324864707], [41000, 0.22012338679465354], [42000, 0.24836246045318128], [43000, 0.2658791338930921], [44000, 0.20100977794143546], [45000, 0.20783809110670096], [46000, 0.3153500562260895], [47000, 0.23405627706159005], [48000, 0.2049170090321653], [49000, 0.17922797147961933], [50000, 0.22090454361515538], [51000, 0.2410853074714694], [52000, 0.2426835075249046], [53000, 0.19407043731801624], [54000, 0.19400331045900016], [55000, 0.1553516695907078], [56000, 0.15301853466933024], [57000, 0.18321644333243786], [58000, 0.21278158048299475], [59000, 0.20303019532606356], [60000, 0.23660495493971587], [61000, 0.16190424394478428], [62000, 0.18900298784798328], [63000, 0.21956342565418058], [64000, 0.16440190097854965], [65000, 0.15359892483973253], [66000, 0.2511488695103278], [67000, 0.1650396515660542], [68000, 0.1424625160397345], [69000, 0.14975292240021887], [70000, 0.17570422326638457], [71000, 0.18480314800427136], [72000, 0.19229708193661188], [73000, 0.14925527039044426], [74000, 0.1700584899661493], [75000, 0.13163702449612796], [76000, 0.13147202657907775], [77000, 0.15162076183113324], [78000, 0.18466156156961733], [79000, 0.15658157976483297], [80000, 0.18888203136442933], [81000, 0.12198105577296348], [82000, 0.16880169636451806], [83000, 0.1895913213654711], [84000, 0.13839693296141686], [85000, 0.1352619126490956], [86000, 0.2224220942781639], [87000, 0.1416358467919418], [88000, 0.11334724279260505], [89000, 0.134730356301605], [90000, 0.14466902787982897], [91000, 0.15077594297049104], [92000, 0.1745659366042496], [93000, 0.12984751837375644], [94000, 0.14341902238368126], [95000, 0.11879015700066818], [96000, 0.10683715851607666], [97000, 0.1188175569185743], [98000, 0.15083797250253572], [99000, 0.12522325999354758], [100000, 0.136970053748004]], "metric_curve": [[20000, 0.88685], [40000, 0.90705], [60000, 0.91055], [80000, 0.91055], [100000, 0.91645]], "runtime (in seconds)": 69.06606316566467}