{"learning_rate": 0.1, "max_ngrams": 2, "hidden_size": 100, "unk_threshold": 3, "num_epochs": 8, "pretrained_word_embeddings_file": null, "test_accuracy": 0.757, "test_loss": 0.6838122606277466, "loss_curve": [[1000, 1.5412723014169383], [2000, 1.3463333356382539], [3000, 1.2752196244384468], [4000, 1.307054092976111], [5000, 1.2796087215998166], [6000, 1.1340248760113623], [7000, 1.1897716630496147], [8000, 1.2332028756919413], [9000, 1.1070570052446254], [10000, 1.2066987931258062], [11000, 1.0723243828674136], [12000, 1.2271796227809886], [13000, 1.2142690085476697], [14000, 1.1808623024211578], [15000, 1.1230840931460406], [16000, 1.1628290005437174], [17000, 1.1055535350966474], [18000, 1.0751500145252204], [19000, 1.1232038717357975], [20000, 1.0455376775814729], [21000, 0.9117848815578036], [22000, 0.8832318093158886], [23000, 0.8719849293396161], [24000, 0.9004170441553317], [25000, 0.9515726822526378], [26000, 0.9013280565627211], [27000, 0.846036590168957], [28000, 0.8652004824639384], [29000, 0.7762211296221524], [30000, 0.917155246956963], [31000, 0.7663459431833407], [32000, 0.7699160272378154], [33000, 0.882423445596464], [34000, 0.8638894798564171], [35000, 0.7247130143165716], [36000, 0.791291212884987], [37000, 0.8298821099381113], [38000, 0.7441838728335213], [39000, 0.7291060245561222], [40000, 0.728344130388973], [41000, 0.6208248180149158], [42000, 0.6230656707165537], [43000, 0.6033423118075647], [44000, 0.604652137441734], [45000, 0.7325409873935275], [46000, 0.6936613861097239], [47000, 0.6147315616328742], [48000, 0.6608241797546155], [49000, 0.5402483541199927], [50000, 0.6613945459370646], [51000, 0.6029768423034322], [52000, 0.5398246491258787], [53000, 0.6305820871891374], [54000, 0.6424805739132317], [55000, 0.5014950474370935], [56000, 0.5673228448366038], [57000, 0.5728789160329326], [58000, 0.5212652361870582], [59000, 0.5569748962454775], [60000, 0.5304766258782847], [61000, 0.5016296137540113], [62000, 0.4914610080587374], [63000, 0.502727611510636], [64000, 0.4686729854321533], [65000, 0.5623142195139037], [66000, 0.5440812512905379], [67000, 0.46995085112095636], [68000, 0.5296349602456126], [69000, 0.4529476117716198], [70000, 0.5104546790167521], [71000, 0.4876098632481245], [72000, 0.4378952754066929], [73000, 0.48837708136402574], [74000, 0.4849406594338951], [75000, 0.4103130555314353], [76000, 0.44415895766664404], [77000, 0.4671213875526385], [78000, 0.4167787399098851], [79000, 0.45874863482589584], [80000, 0.4428477443663915], [81000, 0.43498554922503535], [82000, 0.4388981522421351], [83000, 0.4289088157617146], [84000, 0.3954646733605513], [85000, 0.48777047585719735], [86000, 0.4929032403301611], [87000, 0.3983467036074571], [88000, 0.43941828377043635], [89000, 0.39402994076503267], [90000, 0.4506834764981654], [91000, 0.41288344498224255], [92000, 0.37874731021176655], [93000, 0.41668001519451814], [94000, 0.4115128417904679], [95000, 0.3482903668065468], [96000, 0.39869115334555], [97000, 0.40971841136226755], [98000, 0.35309620803525654], [99000, 0.4029246880457568], [100000, 0.40036827774577916], [101000, 0.38485114063832354], [102000, 0.3979847019745501], [103000, 0.3933492379144752], [104000, 0.35684771612789873], [105000, 0.439927662369862], [106000, 0.4519575325431236], [107000, 0.36412555763404486], [108000, 0.38510733246734224], [109000, 0.3533945878653784], [110000, 0.4034201236126515], [111000, 0.37623812096856085], [112000, 0.3453015509369874], [113000, 0.385360288006919], [114000, 0.37119361443750565], [115000, 0.31965712458602935], [116000, 0.3666324796299874], [117000, 0.3733839869174114], [118000, 0.3229884809713772], [119000, 0.3755803395882233], [120000, 0.37193397497045455], [121000, 0.35486215522160053], [122000, 0.36708525741522763], [123000, 0.366302347309833], [124000, 0.33024348661290526], [125000, 0.41391611379209403], [126000, 0.41278051857076853], [127000, 0.3385212616893218], [128000, 0.3582718392328615], [129000, 0.33082084795044187], [130000, 0.37821236132799774], [131000, 0.35689958741986527], [132000, 0.3273091350784758], [133000, 0.36093405733081424], [134000, 0.34381750981515996], [135000, 0.2992307021167795], [136000, 0.34349222774408256], [137000, 0.35277464895653315], [138000, 0.30217272707817455], [139000, 0.3573524976785818], [140000, 0.35251183883585885], [141000, 0.3338937235143683], [142000, 0.34861180600775726], [143000, 0.3487036336888669], [144000, 0.30908442917439094], [145000, 0.3943760007000592], [146000, 0.3899744244701487], [147000, 0.32154006877381075], [148000, 0.33983442744377557], [149000, 0.31425147782618434], [150000, 0.3595786873698127], [151000, 0.3439570131783436], [152000, 0.31311266471115684], [153000, 0.34188126120893697], [154000, 0.32596568677077487], [155000, 0.2839205361500857], [156000, 0.327185888504286], [157000, 0.33829180188397673], [158000, 0.28692831782605666], [159000, 0.34357053395604825], [160000, 0.3372391485333036]], "metric_curve": [[20000, 0.6271], [40000, 0.7001], [60000, 0.74005], [80000, 0.75795], [100000, 0.77565], [120000, 0.7892], [140000, 0.80225], [160000, 0.81145]], "runtime (in seconds)": 180.7299427986145}