{"learning_rate": 0.1, "max_ngrams": 4, "hidden_size": 100, "unk_threshold": 3, "num_epochs": 5, "pretrained_word_embeddings_file": null, "test_accuracy": 0.726, "test_loss": 0.707223653793335, "loss_curve": [[1000, 1.3611895755856434], [2000, 1.183209987359177], [3000, 1.2214073080740955], [4000, 1.2297542754538644], [5000, 1.2704547593318685], [6000, 1.0378191939434696], [7000, 1.1548239200206742], [8000, 1.1257839140935653], [9000, 1.0892392875415153], [10000, 1.1472454570475163], [11000, 1.1274787727260782], [12000, 1.2108079936313731], [13000, 1.1508296708729773], [14000, 1.080658154426456], [15000, 1.0911737661722538], [16000, 1.1553589999407012], [17000, 1.1349244799523295], [18000, 1.0567193871776388], [19000, 1.0965316084083816], [20000, 1.1043149044372547], [21000, 0.8609551695915215], [22000, 0.8884646247357448], [23000, 0.9457803369322006], [24000, 0.8691475714346203], [25000, 0.9768776477067902], [26000, 0.7939483377740878], [27000, 0.8288545783679502], [28000, 0.8424775531952748], [29000, 0.8429658174699598], [30000, 0.8642006984331745], [31000, 0.7746374980986409], [32000, 0.8536529213860459], [33000, 0.9096848877227719], [34000, 0.7934591332685702], [35000, 0.7835885626411219], [36000, 0.8444946231761628], [37000, 0.8649218575433687], [38000, 0.7516995371231868], [39000, 0.8277094371718626], [40000, 0.7893712303176388], [41000, 0.6217734949573258], [42000, 0.667094908620322], [43000, 0.6982345702669194], [44000, 0.6234434792558134], [45000, 0.699622420291243], [46000, 0.6180715050109851], [47000, 0.6163438068516942], [48000, 0.6496236939001575], [49000, 0.6214464200175455], [50000, 0.6660590208596482], [51000, 0.6033930512298307], [52000, 0.6040540304846559], [53000, 0.6742553928101558], [54000, 0.5946217949536646], [55000, 0.5441407884018461], [56000, 0.6682718014967278], [57000, 0.6695719142503738], [58000, 0.5836181238163209], [59000, 0.6398332434234465], [60000, 0.5675931332276677], [61000, 0.5000268710104302], [62000, 0.5311934386889033], [63000, 0.5684793281316718], [64000, 0.4885199446673976], [65000, 0.5520322223730189], [66000, 0.5382778641454503], [67000, 0.4901109158415687], [68000, 0.5273503908572587], [69000, 0.49955868115180035], [70000, 0.5548893359590401], [71000, 0.4966528832825297], [72000, 0.48796726885318026], [73000, 0.5525519329821021], [74000, 0.49678084187445426], [75000, 0.43612535939027336], [76000, 0.5476645420777722], [77000, 0.5498291977896226], [78000, 0.4598803604441207], [79000, 0.5329145174509262], [80000, 0.45762402525296286], [81000, 0.4301151028260236], [82000, 0.4674137592888009], [83000, 0.4853867768734634], [84000, 0.4197497118540078], [85000, 0.494920729576639], [86000, 0.48141558705582704], [87000, 0.4228582413302049], [88000, 0.4569222900186503], [89000, 0.4252436233199118], [90000, 0.4803716987156205], [91000, 0.4403940496032449], [92000, 0.4257566762931133], [93000, 0.46041927295103197], [94000, 0.4271445492240462], [95000, 0.3712361426884878], [96000, 0.457412229406845], [97000, 0.4784526735941137], [98000, 0.4125842838766653], [99000, 0.46528955931251653], [100000, 0.414218744423074]], "metric_curve": [[20000, 0.6098], [40000, 0.66985], [60000, 0.71225], [80000, 0.75375], [100000, 0.7766]], "runtime (in seconds)": 137.86194443702698}