{"learning_rate": 0.1, "max_ngrams": 3, "hidden_size": 100, "unk_threshold": 1, "num_epochs": 8, "pretrained_word_embeddings_file": null, "test_accuracy": 0.797, "test_loss": 2.360363006591797, "loss_curve": [[1000, 1.5557890858792773], [2000, 1.8269938924580058], [3000, 1.8615140675450206], [4000, 1.7071717532312518], [5000, 1.7352197548357273], [6000, 1.6562930646760068], [7000, 1.713221300966518], [8000, 1.6110191991299072], [9000, 1.8406382749616357], [10000, 1.6522163231414384], [11000, 1.855531016319969], [12000, 1.5351362789054526], [13000, 1.701238732125695], [14000, 1.766697301261517], [15000, 1.6959713695319278], [16000, 1.682235339466172], [17000, 1.7176140414112375], [18000, 1.722687126604127], [19000, 1.5888613569415628], [20000, 1.6002324966223473], [21000, 1.1735366308843613], [22000, 1.358426976083984], [23000, 1.1640089148988229], [24000, 1.0402321297190513], [25000, 1.077382269464053], [26000, 1.1544452167675752], [27000, 1.0782035198568471], [28000, 1.1363319974861459], [29000, 1.244919823106963], [30000, 1.2224929510827136], [31000, 1.1856615956042704], [32000, 1.0557228022267906], [33000, 1.1395778246619805], [34000, 1.1010765147481505], [35000, 1.0931137491844876], [36000, 1.0054089898245007], [37000, 1.056211596669565], [38000, 1.08150345951253], [39000, 1.1204398459096856], [40000, 1.0228649541002885], [41000, 0.8312417019208007], [42000, 0.8869187581393887], [43000, 0.7184403135570099], [44000, 0.6738737958028593], [45000, 0.6692769662925284], [46000, 0.6948011846004796], [47000, 0.6062636485588132], [48000, 0.7731481433892767], [49000, 0.7434882492738928], [50000, 0.8195624786645127], [51000, 0.7359147918454497], [52000, 0.6011236604964427], [53000, 0.7898053085662347], [54000, 0.6708315929364598], [55000, 0.6010753509293575], [56000, 0.5478999827306203], [57000, 0.6636720607020541], [58000, 0.5968442723364346], [59000, 0.6337230629936388], [60000, 0.5758928566984424], [61000, 0.5887698262161153], [62000, 0.5501053480402851], [63000, 0.45458465122287506], [64000, 0.43543355536761263], [65000, 0.46714473200088424], [66000, 0.531178954751557], [67000, 0.33811381291120723], [68000, 0.4646637331661131], [69000, 0.44748733283596054], [70000, 0.5240311569136855], [71000, 0.5129288369460853], [72000, 0.3743576820100852], [73000, 0.4722356542290471], [74000, 0.4314182719667268], [75000, 0.386625834762826], [76000, 0.3805264554931156], [77000, 0.4097836502600225], [78000, 0.32946308902024174], [79000, 0.40334245221847], [80000, 0.36200262447675025], [81000, 0.3954483962155138], [82000, 0.3719032655104963], [83000, 0.30828033204827354], [84000, 0.3225983612481175], [85000, 0.333979046686416], [86000, 0.39109755046758937], [87000, 0.23461771275942067], [88000, 0.30854009865187265], [89000, 0.3098176296095057], [90000, 0.3315497773275014], [91000, 0.313154877102455], [92000, 0.27666246332621525], [93000, 0.33225297657618413], [94000, 0.3202166782886451], [95000, 0.2637777388620781], [96000, 0.2906659134910816], [97000, 0.2626337059696735], [98000, 0.23270508996822123], [99000, 0.2681529789291675], [100000, 0.34676806384688624], [101000, 0.31191322455306436], [102000, 0.283489580300286], [103000, 0.2405717615627603], [104000, 0.20551511313532603], [105000, 0.23008126579986737], [106000, 0.3046325038613744], [107000, 0.16222919393302943], [108000, 0.2665256402809819], [109000, 0.24817081442143407], [110000, 0.2543827697219434], [111000, 0.27090195645195264], [112000, 0.1486766503391971], [113000, 0.20301814847899166], [114000, 0.23360283570007545], [115000, 0.17492910844808027], [116000, 0.2568370662107134], [117000, 0.1785669319106702], [118000, 0.12323788414982294], [119000, 0.20584374200819675], [120000, 0.2206096600478143], [121000, 0.22211832431955592], [122000, 0.16765066707860443], [123000, 0.14686792958542064], [124000, 0.11349768839527613], [125000, 0.17896612477400675], [126000, 0.23241417900955483], [127000, 0.1554493279676938], [128000, 0.17093754082927745], [129000, 0.16043409648448895], [130000, 0.16269834576916548], [131000, 0.1860446389837196], [132000, 0.2018703142964592], [133000, 0.18039380356410772], [134000, 0.12288321110316121], [135000, 0.16871518498637653], [136000, 0.14349773414526884], [137000, 0.15363118679918603], [138000, 0.09086791381756895], [139000, 0.11974418912544249], [140000, 0.15563617815442052], [141000, 0.14520219580514382], [142000, 0.09923116445823886], [143000, 0.12645752330061424], [144000, 0.0674386831463868], [145000, 0.13974996532671968], [146000, 0.17726537160309058], [147000, 0.11273622922023746], [148000, 0.07470783857170515], [149000, 0.11020726294356291], [150000, 0.09184911136950416], [151000, 0.11323399069889503], [152000, 0.18915335615539772], [153000, 0.13330230914146005], [154000, 0.08157072913857102], [155000, 0.0959362808406581], [156000, 0.13052145706529455], [157000, 0.12591095008586486], [158000, 0.05866111056120136], [159000, 0.050333212963445825], [160000, 0.08589696220903634]], "metric_curve": [[20000, 0.5928], [40000, 0.657], [60000, 0.7398], [80000, 0.7975], [100000, 0.8394], [120000, 0.89215], [140000, 0.92825], [160000, 0.95]], "runtime (in seconds)": 217.1772849559784}