{"learning_rate": 0.1, "max_ngrams": 2, "hidden_size": 300, "unk_threshold": 2, "num_epochs": 5, "pretrained_word_embeddings_file": null, "test_accuracy": 0.764, "test_loss": 1.1746509075164795, "loss_curve": [[1000, 4.0047960064473065], [2000, 4.2711477066247765], [3000, 3.944534979806858], [4000, 3.556471408053504], [5000, 3.513382038408352], [6000, 3.071203048742276], [7000, 3.6794799674895065], [8000, 3.4833096853670225], [9000, 3.199452162780424], [10000, 3.5497111811267876], [11000, 3.41953324827507], [12000, 3.1191204531318686], [13000, 3.4796744988084503], [14000, 2.8915090511872115], [15000, 3.0503141936681324], [16000, 3.086010195780792], [17000, 2.8438492208310113], [18000, 3.1139412988895714], [19000, 2.567389628778816], [20000, 2.7808324766302266], [21000, 1.7393257039513297], [22000, 1.7483224526766206], [23000, 1.5641340486399948], [24000, 1.2085314917360208], [25000, 1.5737612606424145], [26000, 1.4755917454134686], [27000, 1.505033640388112], [28000, 1.3911046434161465], [29000, 1.1793175092774233], [30000, 1.391502255216], [31000, 1.4599414717091161], [32000, 1.1707231224237642], [33000, 1.387162307407614], [34000, 1.1948281701895598], [35000, 1.2340890482961169], [36000, 1.4690005218936804], [37000, 1.2869278708663392], [38000, 1.2121319879029389], [39000, 1.1519526155606707], [40000, 1.3385071224614524], [41000, 0.8899610250079465], [42000, 0.9660538496991455], [43000, 0.8179859014132844], [44000, 0.7113467669057516], [45000, 0.7693083263962917], [46000, 0.8483534443779], [47000, 0.8045494116199843], [48000, 0.8702183323754966], [49000, 0.7702007591003854], [50000, 0.788596682301365], [51000, 0.8770675861974003], [52000, 0.7002771559630051], [53000, 0.856334116014174], [54000, 0.7497407988756057], [55000, 0.7006867582067093], [56000, 0.8076928859072525], [57000, 0.8471938028539625], [58000, 0.8154295991732516], [59000, 0.7497413244741538], [60000, 0.8414474507607699], [61000, 0.6255169219592989], [62000, 0.6777622228737159], [63000, 0.5561223389066491], [64000, 0.47720538369695126], [65000, 0.6532216672138292], [66000, 0.6913548314082388], [67000, 0.5294714275457282], [68000, 0.5046049483126416], [69000, 0.46662320478601343], [70000, 0.5488741308148293], [71000, 0.667686135283838], [72000, 0.49855142647971007], [73000, 0.5803621613695052], [74000, 0.4901794301647027], [75000, 0.5031332252444385], [76000, 0.5455426512249015], [77000, 0.48093153468502714], [78000, 0.46543595238510577], [79000, 0.5125696006462728], [80000, 0.49715114625939444], [81000, 0.4102377682666548], [82000, 0.4624059132311399], [83000, 0.5075349757709915], [84000, 0.4309616494904982], [85000, 0.5715255170631875], [86000, 0.4880589346470213], [87000, 0.42976895659922437], [88000, 0.3605144576056303], [89000, 0.3372469296584765], [90000, 0.32423138227595005], [91000, 0.45328386415042027], [92000, 0.3390841837054936], [93000, 0.44372827307884927], [94000, 0.43910016814887126], [95000, 0.3654333522380216], [96000, 0.41516562289780956], [97000, 0.4315728025281067], [98000, 0.39348945171346555], [99000, 0.41389982286344323], [100000, 0.42474245905706637]], "metric_curve": [[20000, 0.69385], [40000, 0.7641], [60000, 0.79665], [80000, 0.82335], [100000, 0.82885]], "runtime (in seconds)": 148.9114546775818}