{"learning_rate": 0.1, "max_ngrams": 3, "hidden_size": 300, "unk_threshold": 3, "num_epochs": 5, "pretrained_word_embeddings_file": null, "test_accuracy": 0.7225, "test_loss": 0.9705561399459839, "loss_curve": [[1000, 3.5679436597706715], [2000, 2.69597938184606], [3000, 2.6169851838010008], [4000, 2.7120191928307045], [5000, 2.8444229901058216], [6000, 2.593360458587715], [7000, 2.629139885093651], [8000, 2.35565873159324], [9000, 2.33795924821614], [10000, 2.2444913428167594], [11000, 2.0362829835618874], [12000, 2.142190404066228], [13000, 2.4963654623084306], [14000, 2.128620285899985], [15000, 2.078638654456182], [16000, 2.603068862587482], [17000, 2.351506416058828], [18000, 2.090754952297072], [19000, 2.0151746547200657], [20000, 2.1115572394522317], [21000, 1.4667080248985165], [22000, 1.148852682140502], [23000, 1.2545879566960443], [24000, 1.330277153185922], [25000, 1.4182353425818048], [26000, 1.421425506569457], [27000, 1.2779934821877221], [28000, 1.10816827692473], [29000, 1.2613332604068248], [30000, 1.0560491659550788], [31000, 1.0615420275779313], [32000, 1.1983419941867937], [33000, 1.3022098607849162], [34000, 1.4018430436499842], [35000, 0.983816644527964], [36000, 1.2121830420087232], [37000, 1.1447240638734715], [38000, 0.9494134454193853], [39000, 1.027766644806938], [40000, 1.0054257526571615], [41000, 0.8353153865662911], [42000, 0.8298877842344115], [43000, 0.9490141632883793], [44000, 0.8671151147222018], [45000, 0.952673825629584], [46000, 0.9422124442819716], [47000, 0.8060328551683944], [48000, 0.9281954847631628], [49000, 0.7527450017468361], [50000, 0.7853689351064459], [51000, 0.695120741790605], [52000, 0.7166259940876739], [53000, 0.7979633355719032], [54000, 0.8636372573300811], [55000, 0.7571194082083514], [56000, 0.9143307311014357], [57000, 0.8286970138023807], [58000, 0.8080931114820921], [59000, 0.8450022322603883], [60000, 0.7761076934514904], [61000, 0.7294156742401239], [62000, 0.5761905793165107], [63000, 0.6904864883836278], [64000, 0.61133588564494], [65000, 0.71339417452996], [66000, 0.7358645688517417], [67000, 0.6664497776607683], [68000, 0.6825935537810024], [69000, 0.5622929983453796], [70000, 0.6508952718559501], [71000, 0.5893557064261141], [72000, 0.6188914498236127], [73000, 0.6087741990397239], [74000, 0.6242540095894124], [75000, 0.5353477057746829], [76000, 0.6296437400665557], [77000, 0.6978464732660105], [78000, 0.5266444184029686], [79000, 0.5915674530583016], [80000, 0.6022332663752679], [81000, 0.5609144652960844], [82000, 0.4886011943590388], [83000, 0.5372501569972927], [84000, 0.447020429985205], [85000, 0.5460818722565585], [86000, 0.5957565621146992], [87000, 0.5244560765980777], [88000, 0.5390638835329716], [89000, 0.4514856025019569], [90000, 0.5254805724439072], [91000, 0.5232505516360679], [92000, 0.4607182383555164], [93000, 0.5086460612367829], [94000, 0.4990862642731203], [95000, 0.43218937251016315], [96000, 0.5387344981548783], [97000, 0.5100991857769416], [98000, 0.44154849749864045], [99000, 0.5390231680784949], [100000, 0.5158339512253985]], "metric_curve": [[20000, 0.6588], [40000, 0.71435], [60000, 0.75185], [80000, 0.7539], [100000, 0.76815]], "runtime (in seconds)": 128.9823751449585}