{"learning_rate": 0.1, "max_ngrams": 3, "hidden_size": 100, "unk_threshold": 0, "num_epochs": 2, "pretrained_word_embeddings_file": null, "test_accuracy": 0.6125, "test_loss": 1.5913431644439697, "loss_curve": [[1000, 1.5557890858792773], [2000, 1.8269938924580058], [3000, 1.8615140675450206], [4000, 1.7071717532312518], [5000, 1.7352197548357273], [6000, 1.6562930646760068], [7000, 1.713221300966518], [8000, 1.6110191991299072], [9000, 1.8406382749616357], [10000, 1.6522163231414384], [11000, 1.855531016319969], [12000, 1.5351362789054526], [13000, 1.701238732125695], [14000, 1.766697301261517], [15000, 1.6959713695319278], [16000, 1.682235339466172], [17000, 1.7176140414112375], [18000, 1.722687126604127], [19000, 1.5888613569415628], [20000, 1.6002324966223473], [21000, 1.1735366308843613], [22000, 1.358426976083984], [23000, 1.1640089148988229], [24000, 1.0402321297190513], [25000, 1.077382269464053], [26000, 1.1544452167675752], [27000, 1.0782035198568471], [28000, 1.1363319974861459], [29000, 1.244919823106963], [30000, 1.2224929510827136], [31000, 1.1856615956042704], [32000, 1.0557228022267906], [33000, 1.1395778246619805], [34000, 1.1010765147481505], [35000, 1.0931137491844876], [36000, 1.0054089898245007], [37000, 1.056211596669565], [38000, 1.08150345951253], [39000, 1.1204398459096856], [40000, 1.0228649541002885]], "metric_curve": [[20000, 0.5928], [40000, 0.657]], "runtime (in seconds)": 54.76357340812683}