{"learning_rate": 0.1, "max_ngrams": 2, "hidden_size": 100, "unk_threshold": 2, "num_epochs": 8, "pretrained_word_embeddings_file": null, "test_accuracy": 0.784, "test_loss": 0.7806525230407715, "loss_curve": [[1000, 1.609077897101247], [2000, 1.5782408541659252], [3000, 1.5658690196035936], [4000, 1.6049977780122053], [5000, 1.5673762214352984], [6000, 1.48206232213813], [7000, 1.559766133571472], [8000, 1.4939162421960164], [9000, 1.3858352049675078], [10000, 1.3947673989913154], [11000, 1.4456683218222846], [12000, 1.4583965882280978], [13000, 1.430433452279645], [14000, 1.3535128535224648], [15000, 1.3850178756988867], [16000, 1.374967093983291], [17000, 1.3307245484673536], [18000, 1.2639308839651848], [19000, 1.312580162094061], [20000, 1.3666282181879212], [21000, 1.021787351768111], [22000, 1.0883942367995334], [23000, 1.038885351389468], [24000, 1.0040480428423835], [25000, 1.0580644721903674], [26000, 0.9921282450647888], [27000, 1.0080968447945167], [28000, 1.0343490435923213], [29000, 0.9292623022746703], [30000, 0.9792677090662155], [31000, 0.9526486736632287], [32000, 0.9339584054904101], [33000, 0.9825015815965891], [34000, 0.977238008191247], [35000, 0.9011631449619547], [36000, 0.973358886655867], [37000, 0.8856342785721383], [38000, 0.7477656105448247], [39000, 0.9059365248901629], [40000, 0.8964085206554064], [41000, 0.7133056822945446], [42000, 0.7734672277929511], [43000, 0.6268888997304709], [44000, 0.6642764731900614], [45000, 0.6869708258576099], [46000, 0.6943038757192103], [47000, 0.6648154661130181], [48000, 0.6524251706894344], [49000, 0.6449321715683737], [50000, 0.67294536108273], [51000, 0.6550674906700444], [52000, 0.590955981751476], [53000, 0.6279921546286341], [54000, 0.5533271784262517], [55000, 0.5635609657074144], [56000, 0.6638251819680943], [57000, 0.6003575217573045], [58000, 0.503056194625415], [59000, 0.5817276737441005], [60000, 0.5702246740584918], [61000, 0.46950018943716015], [62000, 0.584757258232862], [63000, 0.4450738087690453], [64000, 0.469740187505467], [65000, 0.4928221322737304], [66000, 0.5014105002327206], [67000, 0.4404353085854923], [68000, 0.431938295240811], [69000, 0.47517758978587227], [70000, 0.5156202246209397], [71000, 0.46610319001610934], [72000, 0.42378876998012616], [73000, 0.47894573751977165], [74000, 0.39670080577004224], [75000, 0.4111302762673605], [76000, 0.4624830867795475], [77000, 0.43437467694483206], [78000, 0.36111154359839426], [79000, 0.42678545968540577], [80000, 0.4271652289492159], [81000, 0.34717489041282545], [82000, 0.4244362862517653], [83000, 0.3574829667237366], [84000, 0.3816223903202114], [85000, 0.39723876541271763], [86000, 0.403364932201773], [87000, 0.3575887193889166], [88000, 0.33442426226362026], [89000, 0.39397814770914086], [90000, 0.4319636304135292], [91000, 0.38540370155064235], [92000, 0.31400290216462723], [93000, 0.37793037109435057], [94000, 0.32318357159013006], [95000, 0.3142454123819948], [96000, 0.34643628613845623], [97000, 0.3445329974288973], [98000, 0.29927321230109316], [99000, 0.35566045379529443], [100000, 0.37568731586391046], [101000, 0.2962839090638593], [102000, 0.3735886032996122], [103000, 0.29751625342629784], [104000, 0.31242968209186733], [105000, 0.3410409210132293], [106000, 0.34361298584381944], [107000, 0.3096848445154112], [108000, 0.2781729593975721], [109000, 0.29942632030776534], [110000, 0.3509581136131119], [111000, 0.3225572689085892], [112000, 0.2718371510081562], [113000, 0.3190152200484193], [114000, 0.25857995611382917], [115000, 0.26848538278612566], [116000, 0.2799930837879719], [117000, 0.29756140071204656], [118000, 0.25115722205316793], [119000, 0.2649066168512405], [120000, 0.31130608755757766], [121000, 0.25541749112528095], [122000, 0.31007167398484703], [123000, 0.25503356042912556], [124000, 0.2605591891511001], [125000, 0.29893539957049303], [126000, 0.3087680129745213], [127000, 0.26984483601953285], [128000, 0.2392873631814058], [129000, 0.2636996540868605], [130000, 0.3031123304439624], [131000, 0.2946427561598718], [132000, 0.24879506366457382], [133000, 0.28314265490391693], [134000, 0.2413814737129197], [135000, 0.24436416426374294], [136000, 0.24668640956724674], [137000, 0.25882810676265405], [138000, 0.21977344700303586], [139000, 0.23007003849441074], [140000, 0.2798032285160461], [141000, 0.2346797255038372], [142000, 0.27601386476612555], [143000, 0.22370866878797413], [144000, 0.23170683338689882], [145000, 0.2707121451541962], [146000, 0.28155233157433124], [147000, 0.24130687370279186], [148000, 0.21603259080815437], [149000, 0.24400602951441575], [150000, 0.2728907795692616], [151000, 0.25855003901634455], [152000, 0.2247855702261746], [153000, 0.25528998047971097], [154000, 0.22404095066102356], [155000, 0.22426644097293916], [156000, 0.23043165123420342], [157000, 0.24060604269146557], [158000, 0.20174674330374004], [159000, 0.2082563803167945], [160000, 0.2618393223732067]], "metric_curve": [[20000, 0.6202], [40000, 0.7037], [60000, 0.7666], [80000, 0.80065], [100000, 0.8228], [120000, 0.8373], [140000, 0.8491], [160000, 0.85685]], "runtime (in seconds)": 204.59571075439453}