{"learning_rate": 0.1, "max_ngrams": 3, "hidden_size": 100, "unk_threshold": 3, "num_epochs": 5, "pretrained_word_embeddings_file": null, "test_accuracy": 0.733, "test_loss": 0.7041605710983276, "loss_curve": [[1000, 1.3641314574458792], [2000, 1.1906953003196994], [3000, 1.2301042325090448], [4000, 1.2321074823572653], [5000, 1.2754298085192468], [6000, 1.0433216652546922], [7000, 1.156069688024013], [8000, 1.1332863972819889], [9000, 1.0924421081167939], [10000, 1.1524480690445058], [11000, 1.1278261273157226], [12000, 1.211203424295715], [13000, 1.1587462831383442], [14000, 1.0814748558580103], [15000, 1.0914495088727314], [16000, 1.152716576045485], [17000, 1.1334211445186047], [18000, 1.056374556217402], [19000, 1.0970508425892314], [20000, 1.1002328890415807], [21000, 0.8542931422163842], [22000, 0.8817318427786629], [23000, 0.943015756509013], [24000, 0.8666710474119448], [25000, 0.9750994669558077], [26000, 0.789602218093123], [27000, 0.823991875052197], [28000, 0.839111305966326], [29000, 0.8402332004140693], [30000, 0.8668120472417581], [31000, 0.7726726714862759], [32000, 0.8513341789739433], [33000, 0.912064220775158], [34000, 0.783967461822375], [35000, 0.7771246858149559], [36000, 0.8410356664187201], [37000, 0.8587192794127757], [38000, 0.7485981484986185], [39000, 0.8258399409352575], [40000, 0.7888797927185587], [41000, 0.6137544486419539], [42000, 0.6561464751173721], [43000, 0.6902228104353874], [44000, 0.618556371748702], [45000, 0.6937422485734661], [46000, 0.6140953790884444], [47000, 0.6094394988097921], [48000, 0.6419952931526842], [49000, 0.6102070085929915], [50000, 0.6592685498225632], [51000, 0.5996515083347354], [52000, 0.5958771215909165], [53000, 0.6677717941502456], [54000, 0.5885182585097822], [55000, 0.5396525741223035], [56000, 0.6624638210306955], [57000, 0.660408895725959], [58000, 0.5732669429472349], [59000, 0.6350887798208688], [60000, 0.5533068475416894], [61000, 0.49448960170328526], [62000, 0.5227693267953121], [63000, 0.5563010848588991], [64000, 0.47894045872736035], [65000, 0.5458048450097754], [66000, 0.535608619910168], [67000, 0.48464573463282523], [68000, 0.5220710059857226], [69000, 0.4908740773731617], [70000, 0.5491335585879582], [71000, 0.49212715377002436], [72000, 0.48069160178503184], [73000, 0.546494828189895], [74000, 0.48631569317555806], [75000, 0.4268464567134761], [76000, 0.5412807281342111], [77000, 0.5434101883006109], [78000, 0.4525040065607725], [79000, 0.53093486618988], [80000, 0.4545143136350954], [81000, 0.42551862060088447], [82000, 0.4596112463249548], [83000, 0.47941638418970867], [84000, 0.41044251879855964], [85000, 0.4885414592561398], [86000, 0.47756486960730266], [87000, 0.41734732533723035], [88000, 0.4510146698611291], [89000, 0.41713511937396597], [90000, 0.4745231618523446], [91000, 0.4352251813800159], [92000, 0.4175028300891702], [93000, 0.4542901433643806], [94000, 0.4192223934330786], [95000, 0.36398099262775147], [96000, 0.45307723814050765], [97000, 0.4728601701420762], [98000, 0.4054663452156758], [99000, 0.4601681707282954], [100000, 0.40988779223914606]], "metric_curve": [[20000, 0.6115], [40000, 0.67625], [60000, 0.7191], [80000, 0.76105], [100000, 0.78285]], "runtime (in seconds)": 142.37263202667236}