{"learning_rate": 0.1, "max_ngrams": 4, "hidden_size": 300, "unk_threshold": 0, "num_epochs": 8, "pretrained_word_embeddings_file": null, "test_accuracy": 0.8485, "test_loss": 2.5609402656555176, "loss_curve": [[1000, 3.637143292857191], [2000, 4.080357522469729], [3000, 4.997748202761596], [4000, 4.486147522805093], [5000, 4.263798226029727], [6000, 4.510377014752989], [7000, 4.352051600681695], [8000, 4.443898701509423], [9000, 4.300572424620285], [10000, 4.441557193117875], [11000, 4.923503493332671], [12000, 3.956168406495476], [13000, 3.9388921532666217], [14000, 4.1254536111172655], [15000, 4.004850586593887], [16000, 4.05956715843065], [17000, 3.947391727758623], [18000, 3.816031041087876], [19000, 3.538886017987147], [20000, 3.9093134364394078], [21000, 2.180580783654008], [22000, 1.550991891786674], [23000, 1.554170793446673], [24000, 1.5819430712195461], [25000, 1.6856668566919804], [26000, 1.5827422475253583], [27000, 1.3083470688026788], [28000, 1.2223727792637398], [29000, 1.2318015601578025], [30000, 1.3686467700870262], [31000, 1.1832563455294955], [32000, 1.3081107189704686], [33000, 1.362211245563863], [34000, 1.3176728665380535], [35000, 1.2334725345118647], [36000, 1.2229119052363306], [37000, 1.5456125750600667], [38000, 1.4819203373808418], [39000, 1.2358290044298472], [40000, 1.5295156342139946], [41000, 1.0495940817800138], [42000, 0.7004110583264613], [43000, 0.7741092811719258], [44000, 0.6673170886128036], [45000, 0.6804414827812483], [46000, 0.9308717654591249], [47000, 0.7650969863711331], [48000, 0.7451468172257162], [49000, 0.6490716238483359], [50000, 0.7194850009947947], [51000, 0.8547444341050809], [52000, 0.6654124119912351], [53000, 0.7042209608529219], [54000, 0.5975271247649527], [55000, 0.6033960621729192], [56000, 0.6828785410711272], [57000, 0.5354496830038175], [58000, 0.5969078517703716], [59000, 0.5387414731772954], [60000, 0.4122390032323005], [61000, 0.6235568668916759], [62000, 0.49251161049393855], [63000, 0.6518829391408748], [64000, 0.308220223173648], [65000, 0.6174082981397397], [66000, 0.8783133623378542], [67000, 0.46245407319264725], [68000, 0.3756183381419193], [69000, 0.43937312195377165], [70000, 0.3428632351942173], [71000, 0.4678685877914975], [72000, 0.6787748049195188], [73000, 0.39365734717433987], [74000, 0.40240151935109464], [75000, 0.3405953954196145], [76000, 0.30181720738608336], [77000, 0.40050676749984193], [78000, 0.30501840773125993], [79000, 0.46552973879193005], [80000, 0.29901104990394317], [81000, 0.29293444859626], [82000, 0.3824694589765941], [83000, 0.4861000457687496], [84000, 0.42265067634874515], [85000, 0.416020285373857], [86000, 0.5084220876585578], [87000, 0.3542752702162175], [88000, 0.2942031883699168], [89000, 0.3027521799741592], [90000, 0.19500122471068035], [91000, 0.4444637441068186], [92000, 0.4104674935247298], [93000, 0.3450830252317222], [94000, 0.22620602476849733], [95000, 0.2972855840241516], [96000, 0.27659753235729256], [97000, 0.22825968489487913], [98000, 0.1910501529575599], [99000, 0.163233954510615], [100000, 0.21268766545008938], [101000, 0.28851043792672426], [102000, 0.19564914405316233], [103000, 0.1821697694241485], [104000, 0.2799112650743176], [105000, 0.3677564394521976], [106000, 0.4242172688794814], [107000, 0.13059731881848513], [108000, 0.17135991050316896], [109000, 0.26601277436657567], [110000, 0.17925965989639706], [111000, 0.21302004431639443], [112000, 0.31863142390296145], [113000, 0.30421990694922524], [114000, 0.18600167594115194], [115000, 0.17412927131981518], [116000, 0.292785326516823], [117000, 0.1653711023320296], [118000, 0.21593921432390678], [119000, 0.13937675982386072], [120000, 0.12369875094055616], [121000, 0.13738759886131713], [122000, 0.3011811837401588], [123000, 0.29692882208281135], [124000, 0.18095347857804048], [125000, 0.1926518426730789], [126000, 0.32984956962645495], [127000, 0.14613765533756837], [128000, 0.21990787632908626], [129000, 0.23205060837006003], [130000, 0.16221432455049417], [131000, 0.1621239184953849], [132000, 0.30335595265005877], [133000, 0.2232286687482935], [134000, 0.033389345905705574], [135000, 0.09731744705119297], [136000, 0.1624933817013565], [137000, 0.14419447048657982], [138000, 0.13158853231534257], [139000, 0.07149530423152213], [140000, 0.10219358557062307], [141000, 0.16248988067902725], [142000, 0.06852187353827302], [143000, 0.0642379774974176], [144000, 0.11782687445789625], [145000, 0.15224286587151625], [146000, 0.379711839932146], [147000, 0.11593806057281049], [148000, 0.1610643089187201], [149000, 0.28860287638639853], [150000, 0.08925214443350128], [151000, 0.08210991480348014], [152000, 0.2669265335289085], [153000, 0.21442351668295684], [154000, 0.04859257117958982], [155000, 0.04404119212947464], [156000, 0.23449599383761527], [157000, 0.058940589669233295], [158000, 0.06963130136193027], [159000, 0.043089384071854656], [160000, 0.07546924419139811]], "metric_curve": [[20000, 0.7616], [40000, 0.8544], [60000, 0.91705], [80000, 0.94235], [100000, 0.95995], [120000, 0.9701], [140000, 0.98255], [160000, 0.9886]], "runtime (in seconds)": 181.50241422653198}