{"learning_rate": 0.1, "max_ngrams": 4, "hidden_size": 100, "unk_threshold": 3, "num_epochs": 2, "pretrained_word_embeddings_file": null, "test_accuracy": 0.6545, "test_loss": 1.1032785177230835, "loss_curve": [[1000, 1.3611895755856434], [2000, 1.183209987359177], [3000, 1.2214073080740955], [4000, 1.2297542754538644], [5000, 1.2704547593318685], [6000, 1.0378191939434696], [7000, 1.1548239200206742], [8000, 1.1257839140935653], [9000, 1.0892392875415153], [10000, 1.1472454570475163], [11000, 1.1274787727260782], [12000, 1.2108079936313731], [13000, 1.1508296708729773], [14000, 1.080658154426456], [15000, 1.0911737661722538], [16000, 1.1553589999407012], [17000, 1.1349244799523295], [18000, 1.0567193871776388], [19000, 1.0965316084083816], [20000, 1.1043149044372547], [21000, 0.8609551695915215], [22000, 0.8884646247357448], [23000, 0.9457803369322006], [24000, 0.8691475714346203], [25000, 0.9768776477067902], [26000, 0.7939483377740878], [27000, 0.8288545783679502], [28000, 0.8424775531952748], [29000, 0.8429658174699598], [30000, 0.8642006984331745], [31000, 0.7746374980986409], [32000, 0.8536529213860459], [33000, 0.9096848877227719], [34000, 0.7934591332685702], [35000, 0.7835885626411219], [36000, 0.8444946231761628], [37000, 0.8649218575433687], [38000, 0.7516995371231868], [39000, 0.8277094371718626], [40000, 0.7893712303176388]], "metric_curve": [[20000, 0.6098], [40000, 0.66985]], "runtime (in seconds)": 53.2556836605072}