{"learning_rate": 0.1, "max_ngrams": 2, "hidden_size": 100, "unk_threshold": 0, "num_epochs": 2, "pretrained_word_embeddings_file": null, "test_accuracy": 0.6665, "test_loss": 1.289856195449829, "loss_curve": [[1000, 1.5526930328676682], [2000, 1.5817427441149339], [3000, 1.8607572535262986], [4000, 1.811820474550161], [5000, 1.7716120177620434], [6000, 1.706242189827042], [7000, 1.7619621047812881], [8000, 1.6897559936395723], [9000, 1.5769806337223922], [10000, 1.8408254868522576], [11000, 1.8758066499914083], [12000, 1.8396653752107404], [13000, 1.822246138097777], [14000, 1.8659319383594883], [15000, 1.6462727804105963], [16000, 1.7371576821046266], [17000, 1.8052997439169387], [18000, 1.6965221611331567], [19000, 1.690045977326189], [20000, 1.6894745409715295], [21000, 1.1654137913716076], [22000, 1.0760496204030485], [23000, 1.3091445656669078], [24000, 1.2258682128903764], [25000, 1.104694239823783], [26000, 1.21191126613735], [27000, 1.2173067342117114], [28000, 1.0209315635909224], [29000, 1.0832180656749726], [30000, 1.198109823288236], [31000, 1.15641014614336], [32000, 1.1357116209309013], [33000, 1.1803740474352253], [34000, 1.2226560152115835], [35000, 1.0343120775270347], [36000, 0.9988666745904379], [37000, 1.118865464622526], [38000, 1.0346073475856243], [39000, 1.1459604094982059], [40000, 1.0814060198300737]], "metric_curve": [[20000, 0.58005], [40000, 0.6824]], "runtime (in seconds)": 64.12194752693176}