{"learning_rate": 0.1, "max_ngrams": 4, "hidden_size": 300, "unk_threshold": 0, "num_epochs": 5, "pretrained_word_embeddings_file": null, "test_accuracy": 0.824, "test_loss": 3.0427680015563965, "loss_curve": [[1000, 3.637143292857191], [2000, 4.080357522469729], [3000, 4.997748202761596], [4000, 4.486147522805093], [5000, 4.263798226029727], [6000, 4.510377014752989], [7000, 4.352051600681695], [8000, 4.443898701509423], [9000, 4.300572424620285], [10000, 4.441557193117875], [11000, 4.923503493332671], [12000, 3.956168406495476], [13000, 3.9388921532666217], [14000, 4.1254536111172655], [15000, 4.004850586593887], [16000, 4.05956715843065], [17000, 3.947391727758623], [18000, 3.816031041087876], [19000, 3.538886017987147], [20000, 3.9093134364394078], [21000, 2.180580783654008], [22000, 1.550991891786674], [23000, 1.554170793446673], [24000, 1.5819430712195461], [25000, 1.6856668566919804], [26000, 1.5827422475253583], [27000, 1.3083470688026788], [28000, 1.2223727792637398], [29000, 1.2318015601578025], [30000, 1.3686467700870262], [31000, 1.1832563455294955], [32000, 1.3081107189704686], [33000, 1.362211245563863], [34000, 1.3176728665380535], [35000, 1.2334725345118647], [36000, 1.2229119052363306], [37000, 1.5456125750600667], [38000, 1.4819203373808418], [39000, 1.2358290044298472], [40000, 1.5295156342139946], [41000, 1.0495940817800138], [42000, 0.7004110583264613], [43000, 0.7741092811719258], [44000, 0.6673170886128036], [45000, 0.6804414827812483], [46000, 0.9308717654591249], [47000, 0.7650969863711331], [48000, 0.7451468172257162], [49000, 0.6490716238483359], [50000, 0.7194850009947947], [51000, 0.8547444341050809], [52000, 0.6654124119912351], [53000, 0.7042209608529219], [54000, 0.5975271247649527], [55000, 0.6033960621729192], [56000, 0.6828785410711272], [57000, 0.5354496830038175], [58000, 0.5969078517703716], [59000, 0.5387414731772954], [60000, 0.4122390032323005], [61000, 0.6235568668916759], [62000, 0.49251161049393855], [63000, 0.6518829391408748], [64000, 0.308220223173648], [65000, 0.6174082981397397], [66000, 0.8783133623378542], [67000, 0.46245407319264725], [68000, 0.3756183381419193], [69000, 0.43937312195377165], [70000, 0.3428632351942173], [71000, 0.4678685877914975], [72000, 0.6787748049195188], [73000, 0.39365734717433987], [74000, 0.40240151935109464], [75000, 0.3405953954196145], [76000, 0.30181720738608336], [77000, 0.40050676749984193], [78000, 0.30501840773125993], [79000, 0.46552973879193005], [80000, 0.29901104990394317], [81000, 0.29293444859626], [82000, 0.3824694589765941], [83000, 0.4861000457687496], [84000, 0.42265067634874515], [85000, 0.416020285373857], [86000, 0.5084220876585578], [87000, 0.3542752702162175], [88000, 0.2942031883699168], [89000, 0.3027521799741592], [90000, 0.19500122471068035], [91000, 0.4444637441068186], [92000, 0.4104674935247298], [93000, 0.3450830252317222], [94000, 0.22620602476849733], [95000, 0.2972855840241516], [96000, 0.27659753235729256], [97000, 0.22825968489487913], [98000, 0.1910501529575599], [99000, 0.163233954510615], [100000, 0.21268766545008938]], "metric_curve": [[20000, 0.7616], [40000, 0.8544], [60000, 0.91705], [80000, 0.94235], [100000, 0.95995]], "runtime (in seconds)": 145.0488030910492}