{"learning_rate": 0.1, "max_ngrams": 2, "hidden_size": 300, "unk_threshold": 1, "num_epochs": 2, "pretrained_word_embeddings_file": null, "test_accuracy": 0.7785, "test_loss": 3.3016152381896973, "loss_curve": [[1000, 3.752520960366], [2000, 3.806865173142865], [3000, 4.562966312614387], [4000, 4.569755660167581], [5000, 4.452869741383129], [6000, 4.614568634804123], [7000, 4.364786465265313], [8000, 4.2677815736384455], [9000, 4.609362907157894], [10000, 4.273530402261631], [11000, 4.822071995581782], [12000, 4.1356803067558765], [13000, 4.069794122487841], [14000, 4.178358526143137], [15000, 3.717893337278323], [16000, 4.098621686421387], [17000, 3.7772192480612814], [18000, 3.7758903424749657], [19000, 4.064680459079613], [20000, 4.439177505024389], [21000, 2.3494775636009133], [22000, 1.4919065493281107], [23000, 1.6606607365034107], [24000, 1.277347442089065], [25000, 1.3841863745212266], [26000, 1.6206856107968668], [27000, 1.497867350940898], [28000, 1.3227585014014023], [29000, 1.465103906004065], [30000, 1.654961106222652], [31000, 1.4237424930567215], [32000, 1.5472352628584307], [33000, 1.4640567949104208], [34000, 1.6253290336990174], [35000, 1.399360062849662], [36000, 1.2730355917427898], [37000, 1.2193006936416302], [38000, 1.0784338617687936], [39000, 1.172747137676816], [40000, 1.723339953774923]], "metric_curve": [[20000, 0.7316], [40000, 0.8632]], "runtime (in seconds)": 58.23858284950256}