{"learning_rate": 0.1, "max_ngrams": 2, "hidden_size": 300, "unk_threshold": 2, "num_epochs": 2, "pretrained_word_embeddings_file": null, "test_accuracy": 0.682, "test_loss": 3.889679431915283, "loss_curve": [[1000, 4.0047960064473065], [2000, 4.2711477066247765], [3000, 3.944534979806858], [4000, 3.556471408053504], [5000, 3.513382038408352], [6000, 3.071203048742276], [7000, 3.6794799674895065], [8000, 3.4833096853670225], [9000, 3.199452162780424], [10000, 3.5497111811267876], [11000, 3.41953324827507], [12000, 3.1191204531318686], [13000, 3.4796744988084503], [14000, 2.8915090511872115], [15000, 3.0503141936681324], [16000, 3.086010195780792], [17000, 2.8438492208310113], [18000, 3.1139412988895714], [19000, 2.567389628778816], [20000, 2.7808324766302266], [21000, 1.7393257039513297], [22000, 1.7483224526766206], [23000, 1.5641340486399948], [24000, 1.2085314917360208], [25000, 1.5737612606424145], [26000, 1.4755917454134686], [27000, 1.505033640388112], [28000, 1.3911046434161465], [29000, 1.1793175092774233], [30000, 1.391502255216], [31000, 1.4599414717091161], [32000, 1.1707231224237642], [33000, 1.387162307407614], [34000, 1.1948281701895598], [35000, 1.2340890482961169], [36000, 1.4690005218936804], [37000, 1.2869278708663392], [38000, 1.2121319879029389], [39000, 1.1519526155606707], [40000, 1.3385071224614524]], "metric_curve": [[20000, 0.69385], [40000, 0.7641]], "runtime (in seconds)": 55.09799027442932}