{"learning_rate": 0.1, "max_ngrams": 4, "hidden_size": 100, "unk_threshold": 1, "num_epochs": 8, "pretrained_word_embeddings_file": null, "test_accuracy": 0.729, "test_loss": 3.299143075942993, "loss_curve": [[1000, 1.6310878099702433], [2000, 1.7492167612634113], [3000, 1.9353889549737442], [4000, 1.773232580205376], [5000, 1.8464297678092996], [6000, 1.841998372133602], [7000, 1.6773547830090454], [8000, 1.6649426096484923], [9000, 1.6591290850089877], [10000, 1.6952261465461707], [11000, 1.6319789510591807], [12000, 1.7668043229534862], [13000, 1.722678615073951], [14000, 1.6085852147812554], [15000, 1.6936383181255283], [16000, 1.7107108264067865], [17000, 1.6969927390920276], [18000, 1.5636243668063463], [19000, 1.6869277510660334], [20000, 1.6509033608661103], [21000, 1.1868281186362073], [22000, 1.0679834921710614], [23000, 1.2867402383086144], [24000, 1.3136988702634094], [25000, 1.2755923355130736], [26000, 1.2189251883958754], [27000, 1.138447462149155], [28000, 1.1289966255549664], [29000, 1.1339129257645448], [30000, 1.0585749080031017], [31000, 1.0837719671820139], [32000, 1.0259149051167855], [33000, 1.3263887307890858], [34000, 1.067174140893714], [35000, 1.1912563887126881], [36000, 1.016866841653652], [37000, 1.1695662025568379], [38000, 1.0749791049797524], [39000, 1.1664269148680637], [40000, 1.0598518638740744], [41000, 0.7307960878769733], [42000, 0.6124159551796655], [43000, 0.9534316390495995], [44000, 0.787953729371712], [45000, 0.7698778378303874], [46000, 0.7657941282007451], [47000, 0.774692969385963], [48000, 0.7554894860972335], [49000, 0.7179723283531912], [50000, 0.7323056340894356], [51000, 0.723808057255968], [52000, 0.6029431169621644], [53000, 0.7727003911012662], [54000, 0.8482966628267465], [55000, 0.7356620473161185], [56000, 0.590719393874811], [57000, 0.7311256909315661], [58000, 0.7449952381904752], [59000, 0.7578449456477755], [60000, 0.682030579033826], [61000, 0.5310113059965278], [62000, 0.3709379634576623], [63000, 0.5434345950959467], [64000, 0.4782817485607466], [65000, 0.44265566166645093], [66000, 0.5240945051601702], [67000, 0.5081662726200639], [68000, 0.48539374970915916], [69000, 0.4435238226233096], [70000, 0.5306170699993203], [71000, 0.4878198026277983], [72000, 0.333200620569074], [73000, 0.4568468461628158], [74000, 0.5394395006303854], [75000, 0.5360490198306899], [76000, 0.43696050388923696], [77000, 0.4916394670133167], [78000, 0.5189462377299296], [79000, 0.4593225603856097], [80000, 0.4933696199917067], [81000, 0.40435710533648883], [82000, 0.2529770892564911], [83000, 0.41216217012199863], [84000, 0.3689432785622608], [85000, 0.3425323537216587], [86000, 0.37784901589265046], [87000, 0.31523020893572445], [88000, 0.3036712266753957], [89000, 0.3107885253485495], [90000, 0.3837391147478122], [91000, 0.3423919652084963], [92000, 0.2600995592451775], [93000, 0.3236923011602205], [94000, 0.3297869140414126], [95000, 0.3139666306384667], [96000, 0.2971769158606333], [97000, 0.3165046022647145], [98000, 0.26976796896092636], [99000, 0.24719915529933956], [100000, 0.32273244044651567], [101000, 0.23608605069521918], [102000, 0.19665350762057954], [103000, 0.2606053127153706], [104000, 0.2563149375659643], [105000, 0.2427949004019157], [106000, 0.27744365344469596], [107000, 0.2230499884827458], [108000, 0.19550971376466636], [109000, 0.1897053404358259], [110000, 0.25923035243753395], [111000, 0.24062728739179898], [112000, 0.20241736223520038], [113000, 0.2645400527496642], [114000, 0.2029863545862246], [115000, 0.19973643650833905], [116000, 0.18214702135580008], [117000, 0.1813139906918422], [118000, 0.18203375514103304], [119000, 0.1477013577263277], [120000, 0.2022190956787177], [121000, 0.18420113212991066], [122000, 0.12796064220660416], [123000, 0.18756579225040615], [124000, 0.13920534491321204], [125000, 0.20999120252732117], [126000, 0.18421443185979855], [127000, 0.1662196208504964], [128000, 0.15541319903079626], [129000, 0.13810804455785528], [130000, 0.17080765347008114], [131000, 0.16021982337037685], [132000, 0.1426262385877633], [133000, 0.20351080750538447], [134000, 0.14559804912686378], [135000, 0.11942725533020458], [136000, 0.13094403353152695], [137000, 0.15495934473855486], [138000, 0.15146622280316208], [139000, 0.09845408964709897], [140000, 0.14350980466813243], [141000, 0.13661307845454895], [142000, 0.10930839346373422], [143000, 0.1080329648577922], [144000, 0.10917909673385216], [145000, 0.12569801068910189], [146000, 0.1766055947278258], [147000, 0.1111165077994109], [148000, 0.1199214280158784], [149000, 0.10898013659388761], [150000, 0.12118013028349804], [151000, 0.10704565438587312], [152000, 0.06330140448460905], [153000, 0.14972264290232518], [154000, 0.11039054285760595], [155000, 0.08301485937451875], [156000, 0.06256257703868018], [157000, 0.09038494373274802], [158000, 0.07306429705182892], [159000, 0.06776794699229957], [160000, 0.055413575093899235]], "metric_curve": [[20000, 0.5991], [40000, 0.6637], [60000, 0.73055], [80000, 0.7894], [100000, 0.836], [120000, 0.87985], [140000, 0.9151], [160000, 0.94575]], "runtime (in seconds)": 216.17491817474365}