{"learning_rate": 0.1, "max_ngrams": 4, "hidden_size": 300, "unk_threshold": 2, "num_epochs": 2, "pretrained_word_embeddings_file": null, "test_accuracy": 0.658, "test_loss": 3.7439990043640137, "loss_curve": [[1000, 3.9632959803756656], [2000, 3.6339285287305514], [3000, 3.3646221194204817], [4000, 3.470546229312128], [5000, 3.6172568712847517], [6000, 3.0158722408633944], [7000, 3.5022046779938], [8000, 3.359965959325525], [9000, 3.1904144613533347], [10000, 3.10413178408668], [11000, 3.2267930864909817], [12000, 3.0733206487495233], [13000, 3.0997912658927005], [14000, 3.0234719186989154], [15000, 2.9108050117189657], [16000, 2.8928814778823324], [17000, 3.071739769810893], [18000, 2.964084717443452], [19000, 2.961662118840138], [20000, 2.9245221007717674], [21000, 1.93377983717595], [22000, 1.6287664473020091], [23000, 1.555127426484095], [24000, 1.4361314615667489], [25000, 1.5412263427978528], [26000, 1.3830639856021998], [27000, 1.510866834996034], [28000, 1.5147978017374497], [29000, 1.473871562222352], [30000, 1.5067658543130071], [31000, 1.3531788196022267], [32000, 1.1894448350325304], [33000, 1.4545127895009915], [34000, 1.3594343222080825], [35000, 1.2155770440877824], [36000, 1.3644235604613788], [37000, 1.3692866992746437], [38000, 1.2476694006557794], [39000, 1.2087315690368334], [40000, 1.3242243184311018]], "metric_curve": [[20000, 0.665], [40000, 0.72265]], "runtime (in seconds)": 59.746384143829346}