{"learning_rate": 0.1, "max_ngrams": 1, "hidden_size": 50, "unk_threshold": 1, "num_epochs": 2, "pretrained_word_embeddings_file": "pretrained_embeddings/glove-wiki-gigaword-50.txt", "test_accuracy": 0.8725, "test_loss": 0.3960596024990082, "loss_curve": [[1000, 0.5948786572444137], [2000, 0.5728874228715959], [3000, 0.608074441036719], [4000, 0.5735751292518089], [5000, 0.5932576380965826], [6000, 0.5923780106716712], [7000, 0.4898514510271848], [8000, 0.49201221648466126], [9000, 0.4625658089673586], [10000, 0.48355081778812276], [11000, 0.5001336150132764], [12000, 0.46046782900486616], [13000, 0.46653709441503816], [14000, 0.4452176242929412], [15000, 0.39607658700583165], [16000, 0.4517046495255849], [17000, 0.43502918838992444], [18000, 0.4191678511973397], [19000, 0.4303192190821693], [20000, 0.4440025766708833], [21000, 0.28865219767292816], [22000, 0.29668955497077776], [23000, 0.3179834606965438], [24000, 0.29009830112640456], [25000, 0.34953127542992657], [26000, 0.398587879925735], [27000, 0.28948755369443246], [28000, 0.2652894698436826], [29000, 0.2314803199547792], [30000, 0.29435780661812694], [31000, 0.3130950777826942], [32000, 0.29223290466073026], [33000, 0.2704616687585604], [34000, 0.25231598076935513], [35000, 0.2387192733863894], [36000, 0.25664387112531667], [37000, 0.26298276590232467], [38000, 0.24515020872557622], [39000, 0.2781799362498647], [40000, 0.30742648415467666]], "metric_curve": [[20000, 0.88315], [40000, 0.91965]], "runtime (in seconds)": 27.065083265304565}