{"config": {"seed": 0, "device": "cuda:0", "dataset": "equations", "character_level": true, "num_epochs": 50, "embedding_size": 64, "unk_threshold": 2, "minibatch_size": 64, "rnn_hidden_size": 200, "learning_rate": 0.13165951636204154, "num_layers": 3, "truncate_length": 256, "info": "Jabbawukis", "random_params": ["num_layers", "learning_rate"]}, "stats": {"train_loss": [0.04864579117298126, 0.0450827579498291, 0.04429524463415146, 0.041317605257034304, 0.03760251212120056, 0.03665462905168533, 0.03618896812200546, 0.035831129074096676, 0.03552910751104355, 0.035015491485595705, 0.03461025136709213, 0.03402696520090103, 0.0332487867474556, 0.03233061596751213, 0.03129170674085617, 0.029694021075963976, 0.02725251364707947, 0.024606918483972548, 0.022130636036396027, 0.02002920413017273, 0.018184590935707092, 0.0164080810546875, 0.014905469059944153, 0.013582836344838142, 0.01253509895503521, 0.011479011341929435, 0.01101611441373825, 0.009853252410888672, 0.009219785198569298, 0.008683307722210884, 0.008217141643166542, 0.007818428233265878, 0.00746334844827652, 0.007162467144429684, 0.006899088256061077, 0.006650316134095192, 0.0064213877096772195, 0.00620408534258604, 0.006001656979322433, 0.005842023648321628, 0.005642764791846275, 0.005478562518954277, 0.005323990173637867, 0.0051730359122157095, 0.005032192163169384, 0.004901371955871582, 0.008947763554751874, 0.005136212758719921, 0.004761441819369793, 0.004589101873338223], "validation_loss": [3.331582684993744, 3.2811464343070984, 3.258623436450958, 3.091636609554291, 3.0190082626342774, 2.983188118934631, 2.9625353226661684, 2.9312195835113526, 2.896349955558777, 2.86206658411026, 2.837334186553955, 2.765415870189667, 2.7028961873054502, 2.6306995224952696, 2.532789625644684, 2.3487568426132204, 2.1793678879737852, 1.959322376012802, 1.7962028169631958, 1.592785442352295, 1.4448980445861817, 1.2964570133686066, 1.2489224880933762, 1.127449810028076, 1.0043627606630325, 0.9269794108867645, 0.86552210688591, 0.8079933971166611, 0.7602719873189926, 0.7186078684329986, 0.6825110819935799, 0.6526442368626595, 0.6247515956759453, 0.6012881214618683, 0.5795229716300965, 0.5662512701153756, 0.5417354202866554, 0.5259602296352387, 0.5089980265498162, 0.4944707678556442, 0.4795193049311638, 0.4650634766817093, 0.4516095625162125, 0.4403111408948898, 0.4329114623069763, 0.42140571254491804, 0.4897472384572029, 0.42396085685491564, 0.4032515923976898, 0.39040351516008376], "validation_perplexity": [27.982594307129038, 26.606257548534035, 26.01370296888575, 22.013075320318084, 20.47097977826065, 19.750683906694082, 19.34696041549457, 18.75048433928547, 18.107929849473432, 17.497649963468604, 17.07019886234998, 15.885644983301026, 14.922888680149573, 13.883478311500127, 12.588574610532847, 10.472542610324155, 8.840716169114733, 7.094518020390379, 6.026719404252189, 4.917427079283383, 4.241419685075936, 3.6563194012948363, 3.4865840968391937, 3.0877720456629487, 2.730166948607152, 2.5268650175339937, 2.3762464167731276, 2.2434018505537736, 2.138857883612207, 2.0515751591724736, 1.97884052944899, 1.9206126753121853, 1.867781934693012, 1.824467423054248, 1.7851866429284982, 1.7616507050899395, 1.718987440835816, 1.6920828566481068, 1.66362345303781, 1.6396302643564908, 1.6152977498783108, 1.5921152478724565, 1.5708385145945565, 1.5531904043903508, 1.5417397125802697, 1.5241025004942375, 1.6319036853279312, 1.5280017818180156, 1.4966833984632741, 1.47757689828462], "epoch_duration": [1.0874969959259033, 0.826831579208374, 0.824042797088623, 0.8419075012207031, 0.8386354446411133, 0.8383173942565918, 0.8413615226745605, 0.840595006942749, 0.836552619934082, 0.8416085243225098, 0.8720705509185791, 0.8495049476623535, 0.9041438102722168, 0.861222505569458, 0.8388392925262451, 0.8472380638122559, 0.8412466049194336, 0.8367033004760742, 0.8363890647888184, 0.8533830642700195, 0.8632915019989014, 0.8362860679626465, 0.8361332416534424, 0.8347580432891846, 0.8360507488250732, 0.8391835689544678, 0.8409669399261475, 0.8390791416168213, 0.8376510143280029, 0.8379204273223877, 0.8507959842681885, 0.8740024566650391, 0.8439490795135498, 0.8420400619506836, 0.8215911388397217, 0.823265552520752, 0.7992734909057617, 0.8351435661315918, 0.8402812480926514, 0.8422412872314453, 0.836594820022583, 0.8405396938323975, 0.8457489013671875, 0.8401126861572266, 0.837587833404541, 0.836665153503418, 0.8333923816680908, 0.8330519199371338, 0.8432071208953857, 0.8325304985046387], "best_epoch": 49, "best_validation_perplexity": 1.47757689828462, "test_perplexity": 1.4748769157538997, "test_loss": 0.38857453936338426}}