{"config": {"seed": 0, "device": "cuda:0", "dataset": "motivational_quotes", "character_level": true, "num_epochs": 50, "embedding_size": 64, "unk_threshold": 2, "minibatch_size": 4, "rnn_hidden_size": 200, "learning_rate": 0.13165951636204154, "num_layers": 3, "truncate_length": 256, "info": "Jabbawukis", "random_params": ["num_layers", "learning_rate"]}, "stats": {"train_loss": [0.5993444154980591, 0.4046418484728373, 0.35435511101319156, 0.33271542474562515, 0.3205497948400365, 0.31231241172445684, 0.30627211808785604, 0.30153018632423845, 0.29752104543645, 0.2939922791798395, 0.29113796031212524, 0.2886431403800394, 0.2861565657625967, 0.2840798864610229, 0.28224038551532543, 0.2804188448495897, 0.27883742447139526, 0.2774207182211196, 0.2758819330971546, 0.274706572010606, 0.2733299508410883, 0.27223406691417945, 0.2711561827268444, 0.2700704858076886, 0.26909048502975075, 0.2681094676624816, 0.2671721418795624, 0.26617761218624003, 0.26529771379558603, 0.26452874180673, 0.263631421894359, 0.26283425252739234, 0.26202072345995675, 0.2612241435317756, 0.26054016101321414, 0.2597922121290675, 0.259257408928248, 0.2584075001991409, 0.2577245467365195, 0.25708591171647677, 0.2564898351566152, 0.25577642921491067, 0.2552784961990536, 0.25460921888739074, 0.25402225568007397, 0.25349496729901433, 0.25294576655627965, 0.2523529683957388, 0.25185641034416273, 0.2513471488689638], "validation_loss": [1.9271111485726324, 1.5447096689400872, 1.4583320804193718, 1.3505044084697118, 1.3342225931704188, 1.2850839013929871, 1.2504526231538473, 1.236988229267111, 1.236207760594146, 1.2106396519931126, 1.2101739482160774, 1.196858692527576, 1.203323332709337, 1.1790549764252296, 1.1760634611069907, 1.1689436574214536, 1.164701070261284, 1.1595938910850967, 1.1604837375119352, 1.1545658031654693, 1.1506814559693135, 1.1646816455692688, 1.158982556758807, 1.1421599651026522, 1.1422427940949396, 1.1371599854359848, 1.1446455452613253, 1.1336286643997002, 1.1306994943496347, 1.130912750272707, 1.1251317941229517, 1.1275513675198734, 1.1225145290968892, 1.1237697057067917, 1.1242331708369613, 1.12005995893154, 1.1217425891985253, 1.1179146894975427, 1.1238098316792204, 1.1179951291375185, 1.1205266194435648, 1.1167186657169133, 1.116812598752379, 1.119831851014239, 1.1117029077969598, 1.1157931019031926, 1.1141689330018976, 1.117710695589533, 1.109868773823902, 1.1140027776318002], "validation_perplexity": [6.8696361904979675, 4.6866107608111225, 4.298783520300263, 3.859371739606805, 3.7970429516060333, 3.6149712456172263, 3.4919231250825056, 3.445221606068437, 3.4425337675567933, 3.3556304018841567, 3.354068035959758, 3.309703778644419, 3.331169130814798, 3.251300195280421, 3.2415884146549923, 3.2185909075296277, 3.204964680737737, 3.1886380787881987, 3.191476739787953, 3.1726455657580686, 3.160345812571265, 3.2049024258905363, 3.18668935059943, 3.133529374882941, 3.133788932712674, 3.1179008953226868, 3.1413277009911837, 3.1069100039065902, 3.097822651872089, 3.0984833513477628, 3.080622830148518, 3.0880856479712104, 3.0725705658081512, 3.076429605896407, 3.0778557542036387, 3.065037974185656, 3.0701996412212424, 3.058469689794499, 3.076553053102655, 3.058715721890457, 3.066468640167761, 3.0548138739702977, 3.0551008353876297, 3.0643388944927534, 3.039530029163114, 3.051987756868514, 3.047034836545041, 3.057845844242458, 3.0339602333118147, 3.046528597402416], "epoch_duration": [110.84570956230164, 111.55194544792175, 109.82581448554993, 110.4233648777008, 108.59614658355713, 113.70229458808899, 112.44223189353943, 112.47046828269958, 113.22061777114868, 111.2574052810669, 110.36100101470947, 111.21869230270386, 112.85294008255005, 114.41413402557373, 110.62665486335754, 111.94085884094238, 114.2058002948761, 119.38408660888672, 111.79608273506165, 114.34153985977173, 112.77959728240967, 116.01350235939026, 112.82795286178589, 111.54013109207153, 108.53071427345276, 111.5322732925415, 111.41285419464111, 110.94165015220642, 111.73121643066406, 112.97165489196777, 110.12515020370483, 109.89824771881104, 110.7133584022522, 110.20229172706604, 114.52059626579285, 110.59661984443665, 112.38263082504272, 111.65439772605896, 112.9159483909607, 110.97647547721863, 119.39258170127869, 113.3437647819519, 112.83823561668396, 124.9923689365387, 133.45234179496765, 113.0300281047821, 112.99768567085266, 125.00586485862732, 123.44284844398499, 116.32365226745605], "best_epoch": 48, "best_validation_perplexity": 3.0339602333118147, "test_perplexity": 3.4814869354557105, "test_loss": 1.2474594828315135}}