{"config": {"seed": 0, "device": "cuda:0", "dataset": "equations", "character_level": false, "num_epochs": 50, "embedding_size": 64, "unk_threshold": 2, "minibatch_size": 1, "rnn_hidden_size": 200, "learning_rate": 0.13165951636204154, "num_layers": 3, "truncate_length": 256, "info": "Jabbawukis", "random_params": ["num_layers", "learning_rate"]}, "stats": {"train_loss": [2.323213115870953, 1.9831202514767647, 1.87118616309762, 1.7881057749986649, 1.739110145241022, 1.7056688810884952, 1.6833585097789765, 1.6646621401011943, 1.6480857388973236, 1.6334416396021842, 1.61887609654665, 1.6068788655996322, 1.5986267580091953, 1.5886647361218929, 1.58041584739089, 1.572165119111538, 1.567596418261528, 1.555696250617504, 1.5760996377468108, 1.5471281860470771, 1.5389930353462695, 1.529615340322256, 1.5264967142641543, 1.5202562603652476, 1.5097249501347543, 1.5101147261857986, 1.500913809478283, 1.4983165224939585, 1.4922375532090664, 1.486067978620529, 1.4785717949718238, 1.4764221607595682, 1.4685502732247113, 1.4649399033635855, 1.4525117693394423, 1.4526235769540072, 1.4420726406425237, 1.436801682844758, 1.4327494584918021, 1.4238002320975065, 1.4219503591954707, 1.4115942969620228, 1.4032975679039956, 1.3942941573411227, 1.3843788298219442, 1.3734382512420416, 1.3692892999053001, 1.3621086872220038, 1.3559040672183036, 1.3506133949160577], "validation_loss": [2.0172281563282013, 1.936396604537964, 1.8131113264560699, 1.7459030528068542, 1.7192549464702607, 1.7086422727108002, 1.6746131711006165, 1.6475468325614928, 1.6509371922016143, 1.6222150869369507, 1.6270563073158264, 1.6133235895633697, 1.590064883708954, 1.595990008354187, 1.6198561851978301, 1.586715059041977, 1.5807283704280852, 1.574480863571167, 1.569901908159256, 1.5543178858757019, 1.5453628866672515, 1.5726963288784026, 1.563742957353592, 1.545884492635727, 1.5493909344673156, 1.5674125685691833, 1.5550461776256561, 1.5339452471733093, 1.5515992000102996, 1.5390087175369263, 1.5410196979045867, 1.5352787358760833, 1.5639692504405975, 1.556680938243866, 1.5582913446426392, 1.5445784103870392, 1.5899839906692506, 1.5715450417995454, 1.5711667692661286, 1.5692206921577454, 1.5709882715940475, 1.5921721386909484, 1.5748132406473159, 1.5959602259397507, 1.5925721263885497, 1.5852003375291823, 1.6125452905893325, 1.627163206100464, 1.637565238714218, 1.6142788954973222], "validation_perplexity": [7.517458807578099, 6.933720962560418, 6.129488635323942, 5.731074602272258, 5.580369241246116, 5.521459749547767, 5.336730348209696, 5.19422188889238, 5.21186205550365, 5.064295756845789, 5.0888725715551955, 5.019466180800629, 4.90406711206723, 4.933210575038337, 5.052363659632908, 4.887666831455057, 4.858493305626757, 4.828234454994198, 4.8061767239300925, 4.731857757080184, 4.689673138131089, 4.819625986444368, 4.776666686640877, 4.692119937707292, 4.708601462202292, 4.794227397071183, 4.735305185260995, 4.636432659569696, 4.719010793620829, 4.659968635506623, 4.66934916982044, 4.642619414209344, 4.777747735603334, 4.743052606557301, 4.750697002464573, 4.685995643434551, 4.903670423216525, 4.814080406211222, 4.812259716200114, 4.802903794352232, 4.811400815701473, 4.9144121278861235, 4.829839516173305, 4.933063654304329, 4.916378225459429, 4.880268981613688, 5.015561055296612, 5.089416594925471, 5.142633172774657, 5.024263597764021], "epoch_duration": [6.620806455612183, 6.083157062530518, 6.262574911117554, 6.0040647983551025, 6.252749443054199, 6.701375246047974, 6.166017293930054, 6.489205360412598, 6.413409233093262, 6.67136812210083, 6.400284290313721, 6.3456385135650635, 6.3705973625183105, 6.247145175933838, 6.2317283153533936, 6.123862028121948, 6.1397271156311035, 5.932141542434692, 5.915067911148071, 6.225315570831299, 7.468769073486328, 6.277331352233887, 6.423006057739258, 6.430017471313477, 6.012964248657227, 6.362520217895508, 6.276451110839844, 6.26772141456604, 6.057493448257446, 6.238954305648804, 6.280838966369629, 6.175784349441528, 6.024516820907593, 6.277729272842407, 6.289320945739746, 6.283025741577148, 6.1659510135650635, 6.356755495071411, 6.380095481872559, 6.405672550201416, 6.327220678329468, 6.2948899269104, 6.114451169967651, 6.116112470626831, 6.256080627441406, 6.118327379226685, 6.084810018539429, 6.145404100418091, 6.051085948944092, 6.372434616088867], "best_epoch": 27, "best_validation_perplexity": 4.636432659569696, "test_perplexity": 4.708955689592454, "test_loss": 1.5494661614894867}}