{"config": {"seed": 0, "device": "cuda:0", "dataset": "equations", "character_level": true, "num_epochs": 50, "embedding_size": 64, "unk_threshold": 2, "minibatch_size": 1, "rnn_hidden_size": 200, "learning_rate": 0.13165951636204154, "num_layers": 3, "truncate_length": 256, "info": "Jabbawukis", "random_params": ["num_layers", "learning_rate"]}, "stats": {"train_loss": [1.3764265461042524, 0.3196108330674469, 0.2985484720766544, 0.28941761124134063, 0.2773024497553706, 0.2684794032238424, 0.2621889192946255, 0.25865298565104605, 0.2545475468747318, 0.2511658019348979, 0.24857787345349788, 0.24573852404579521, 0.24328795471787454, 0.24198402632400393, 0.24029980788379907, 0.23993736945465208, 0.23731704411655666, 0.23608339088782668, 0.2347067535929382, 0.23339448415115477, 0.2330300768725574, 0.231800740160048, 0.23118421662226318, 0.2302401319257915, 0.22914512118697167, 0.22861622047051788, 0.22760080613195896, 0.2270000444240868, 0.226602715510875, 0.22568340299278497, 0.22512188958749174, 0.2240226104333997, 0.2237898777909577, 0.22360452635586262, 0.22260217447951436, 0.2220519430451095, 0.22122963685914873, 0.22126783960685134, 0.22054854314774275, 0.21996532288193701, 0.2204584323875606, 0.21947942212596536, 0.2187936672642827, 0.21833695126324892, 0.21770968349650502, 0.2176792305484414, 0.2173561649285257, 0.21678278286755084, 0.2169645455777645, 0.21728009160608053], "validation_loss": [0.3441380432546139, 0.3078381949067116, 0.2940774510204792, 0.2792914719879627, 0.26847533297538756, 0.26400360122323036, 0.25724337273836134, 0.25387510234117505, 0.2510704247653484, 0.24744398629665373, 0.24321463891863823, 0.2521163134276867, 0.23837947750091554, 0.2399063346683979, 0.24161693274974824, 0.23932813754677773, 0.23383659327030182, 0.23364353507757188, 0.2329434409737587, 0.23206324923038482, 0.22914128798246383, 0.2300555312037468, 0.23156968152523041, 0.2420366060733795, 0.22760183063149453, 0.2274567197561264, 0.22396719071269036, 0.22335748785734177, 0.22627318099141122, 0.22561323833465577, 0.22144288873672485, 0.2270318893492222, 0.2207464865744114, 0.2275098342001438, 0.22179219990968704, 0.2193742436170578, 0.21971563306450845, 0.21749954131245613, 0.21974486902356147, 0.22055263996124266, 0.22129685106873512, 0.22152444306015967, 0.22870162510871886, 0.2194111233651638, 0.22091603127121925, 0.22025739079713821, 0.21834862035512925, 0.21799153900146484, 0.22068636709451675, 0.21752132034301758], "validation_perplexity": [1.4107733698139822, 1.3604808383979172, 1.34188783022413, 1.3221926698368953, 1.3079687129362136, 1.3021328855636471, 1.2933598569895033, 1.289010799782379, 1.2854006051797016, 1.2807476209571875, 1.2753423328423514, 1.2867456943833817, 1.2691907307794237, 1.2711300839244748, 1.2733063374240436, 1.2703953326047637, 1.2634380210636516, 1.2631941275462573, 1.2623100822791382, 1.261199496203187, 1.2575196988801045, 1.2586699034436826, 1.2605771624566573, 1.2738408222733428, 1.255585290287473, 1.2554031044257947, 1.251029973353191, 1.250267449286483, 1.2539181651013271, 1.2530909240119612, 1.247875978412092, 1.2548698842861967, 1.2470072574071291, 1.2554697862345718, 1.2483119515745378, 1.2452972340324882, 1.2457224379430607, 1.242964859375102, 1.245758858365638, 1.24676555270126, 1.2476937548203424, 1.2479777522432336, 1.256966935679137, 1.2453431611276808, 1.2472186987983802, 1.2463975005502095, 1.2440206829633855, 1.2435765456752177, 1.2469322902329052, 1.2429919302395485], "epoch_duration": [14.12502384185791, 14.006623029708862, 14.065796375274658, 13.964355230331421, 13.82773494720459, 14.143110752105713, 14.031035900115967, 14.522831678390503, 13.961695194244385, 13.645295858383179, 14.31710410118103, 14.735789060592651, 13.666759252548218, 13.48758316040039, 13.589776754379272, 17.200135707855225, 16.8458092212677, 16.9555242061615, 14.036291360855103, 13.973743200302124, 13.98140573501587, 13.767821311950684, 14.188538312911987, 14.754436731338501, 13.913174390792847, 14.859442472457886, 15.986193418502808, 13.983268022537231, 13.59480881690979, 14.090108633041382, 13.323375701904297, 15.31486439704895, 14.802706718444824, 14.131779432296753, 14.267091751098633, 14.26973271369934, 14.435132503509521, 16.28165078163147, 14.353306770324707, 15.901722431182861, 13.517146110534668, 16.75766372680664, 13.731503248214722, 15.097236394882202, 13.522143125534058, 13.728316068649292, 14.502368927001953, 14.23978877067566, 13.476373672485352, 14.965923547744751], "best_epoch": 37, "best_validation_perplexity": 1.242964859375102, "test_perplexity": 1.242467132034118, "test_loss": 0.21709902554750443}}